date,time,strategy,event,detail
2026-08-28,14:56:00,NIFTY_RESISTANCE_REJECTION_5M_ITM,SIGNAL(warmup-skipped),PE NIFTY24250PE @ 196.46 -- 5m resistance rejection off 20-EMA (24134.5) in 1H downtrend
2026-08-28,15:09:00,NIFTY_SUPPORT_BOUNCE_5M_ITM,SIGNAL(warmup-skipped),CE NIFTY24050CE @ 191.20 -- 5m support bounce off 20-EMA (24121.9) in 1H uptrend
2026-08-28,15:20:00,NIFTY_HEIKIN_ASHI_BULLISH_5M_ITM,SIGNAL(warmup-skipped),CE NIFTY24050CE @ 203.17 -- 5m Heikin-Ashi bullish trend continuation above 1H 50-EMA
2026-08-31,09:25:00,NIFTY_HEIKIN_ASHI_BEARISH_5M_ITM,SIGNAL,PE NIFTY24250PE @ 195.08 -- 5m Heikin-Ashi bearish continuation below 1H 50-EMA
2026-08-31,09:25:00,NIFTY_SUPERTREND_CMF_BEARISH_PE,SIGNAL,PE NIFTY24250PE @ 195.08 -- NIFTY Supertrend + Money Flow bearish alignment
2026-08-31,09:40:00,NIFTY_HEIKIN_ASHI_BEARISH_5M_ITM,SIGNAL(skipped-already-open),PE NIFTY24250PE @ 208.57 -- 5m Heikin-Ashi bearish continuation below 1H 50-EMA
2026-08-31,09:40:00,NIFTY_SUPERTREND_CMF_BEARISH_PE,SIGNAL(skipped-already-open),PE NIFTY24250PE @ 208.57 -- NIFTY Supertrend + Money Flow bearish alignment
2026-08-31,09:42:00,NIFTY_ORB_BEARISH_5M_ITM,SIGNAL,PE NIFTY24200PE @ 179.50 -- 5m ORB breakdown below morning low 24036.2
2026-08-31,09:55:00,NIFTY_HEIKIN_ASHI_BEARISH_5M_ITM,SIGNAL(skipped-already-open),PE NIFTY24200PE @ 189.57 -- 5m Heikin-Ashi bearish continuation below 1H 50-EMA
2026-08-31,09:55:00,NIFTY_SUPERTREND_CMF_BEARISH_PE,SIGNAL(skipped-already-open),PE NIFTY24200PE @ 189.57 -- NIFTY Supertrend + Money Flow bearish alignment
2026-08-31,10:10:00,NIFTY_SUPERTREND_CMF_BEARISH_PE,SIGNAL(skipped-already-open),PE NIFTY24200PE @ 191.63 -- NIFTY Supertrend + Money Flow bearish alignment
2026-08-31,10:20:00,NIFTY_HEIKIN_ASHI_BEARISH_5M_ITM,SIGNAL(skipped-already-open),PE NIFTY24200PE @ 200.49 -- 5m Heikin-Ashi bearish continuation below 1H 50-EMA
2026-08-31,10:25:00,NIFTY_SUPERTREND_CMF_BEARISH_PE,SIGNAL(skipped-already-open),PE NIFTY24200PE @ 198.14 -- NIFTY Supertrend + Money Flow bearish alignment
2026-08-31,10:40:00,NIFTY_SUPERTREND_CMF_BEARISH_PE,SIGNAL(skipped-already-open),PE NIFTY24200PE @ 206.07 -- NIFTY Supertrend + Money Flow bearish alignment
2026-08-31,10:45:00,NIFTY_HEIKIN_ASHI_BEARISH_5M_ITM,SIGNAL(skipped-already-open),PE NIFTY24200PE @ 197.80 -- 5m Heikin-Ashi bearish continuation below 1H 50-EMA
2026-08-31,10:55:00,NIFTY_SUPERTREND_CMF_BEARISH_PE,SIGNAL(skipped-already-open),PE NIFTY24200PE @ 202.50 -- NIFTY Supertrend + Money Flow bearish alignment
2026-08-31,11:10:00,NIFTY_SUPERTREND_CMF_BEARISH_PE,SIGNAL(skipped-already-open),PE NIFTY24200PE @ 209.06 -- NIFTY Supertrend + Money Flow bearish alignment
2026-08-31,11:15:00,NIFTY_HEIKIN_ASHI_BEARISH_5M_ITM,SIGNAL(skipped-already-open),PE NIFTY24200PE @ 205.08 -- 5m Heikin-Ashi bearish continuation below 1H 50-EMA
2026-08-31,11:25:00,NIFTY_SUPERTREND_CMF_BEARISH_PE,SIGNAL,PE NIFTY24200PE @ 203.92 -- NIFTY Supertrend + Money Flow bearish alignment
2026-08-31,11:37:00,NIFTY_RESISTANCE_REJECTION_5M_ITM,SIGNAL,PE NIFTY24200PE @ 194.03 -- 5m resistance rejection off 20-EMA (24019.0) in 1H downtrend
2026-08-31,11:54:00,NIFTY_HEIKIN_ASHI_BULLISH_5M_ITM,SIGNAL,CE NIFTY23900CE @ 191.81 -- 5m Heikin-Ashi bullish trend continuation above 1H 50-EMA
2026-08-31,11:54:00,NIFTY_ORB_BULLISH_5M_ITM,SIGNAL,CE NIFTY23900CE @ 191.81 -- 5m ORB breakout above morning high 24070.8
2026-08-31,11:54:00,NIFTY_SUPERTREND_CMF_BULLISH_CE,SIGNAL,CE NIFTY23900CE @ 191.81 -- NIFTY Supertrend + Money Flow trend alignment
2026-08-31,12:21:00,NIFTY_MACD_BULLISH_1M_ATM,SIGNAL,"CE NIFTY24050CE @ 84.75 -- MACD bullish cross, price above 50-EMA"
2026-08-31,12:21:00,NIFTY_SUPERTREND_CMF_BULLISH_CE,SIGNAL(skipped-already-open),CE NIFTY23900CE @ 191.56 -- NIFTY Supertrend + Money Flow trend alignment
2026-08-31,12:22:00,NIFTY_MACD_BULLISH_1M_ATM,SIGNAL(skipped-already-open),"CE NIFTY24100CE @ 61.10 -- MACD bullish cross, price above 50-EMA"
2026-08-31,12:38:00,NIFTY_SUPERTREND_CMF_BULLISH_CE,SIGNAL(skipped-already-open),CE NIFTY23900CE @ 189.79 -- NIFTY Supertrend + Money Flow trend alignment
2026-08-31,12:39:00,NIFTY_ORB_BULLISH_5M_ITM,SIGNAL(skipped-already-open),CE NIFTY23900CE @ 190.59 -- 5m ORB breakout above morning high 24070.8
2026-08-31,12:53:00,NIFTY_SUPERTREND_CMF_BULLISH_CE,SIGNAL(skipped-already-open),CE NIFTY23900CE @ 190.21 -- NIFTY Supertrend + Money Flow trend alignment
2026-08-31,13:14:00,NIFTY_ORB_BULLISH_5M_ITM,SIGNAL(skipped-already-open),CE NIFTY23900CE @ 192.91 -- 5m ORB breakout above morning high 24070.8
2026-08-31,13:14:00,NIFTY_SUPERTREND_CMF_BULLISH_CE,SIGNAL(skipped-already-open),CE NIFTY23900CE @ 192.91 -- NIFTY Supertrend + Money Flow trend alignment
2026-08-31,13:41:00,NIFTY_RESISTANCE_REJECTION_5M_ITM,SIGNAL,PE NIFTY24250PE @ 198.31 -- 5m resistance rejection off 20-EMA (24061.8) in 1H downtrend
2026-08-31,13:41:00,NIFTY_SUPERTREND_CMF_BEARISH_PE,SIGNAL,PE NIFTY24250PE @ 198.31 -- NIFTY Supertrend + Money Flow bearish alignment
2026-08-31,13:45:00,NIFTY_HEIKIN_ASHI_BEARISH_5M_ITM,SIGNAL,PE NIFTY24250PE @ 200.61 -- 5m Heikin-Ashi bearish continuation below 1H 50-EMA
2026-08-31,13:56:00,NIFTY_SUPERTREND_CMF_BEARISH_PE,SIGNAL(skipped-already-open),PE NIFTY24250PE @ 203.56 -- NIFTY Supertrend + Money Flow bearish alignment
2026-08-31,14:00:00,NIFTY_HEIKIN_ASHI_BEARISH_1M_ATM,SIGNAL,"PE NIFTY24050PE @ 69.54 -- Heikin Ashi bearish, no upper wick, price below 50-EMA"
2026-08-31,14:00:00,NIFTY_HEIKIN_ASHI_BEARISH_5M_ITM,SIGNAL(skipped-already-open),PE NIFTY24250PE @ 210.08 -- 5m Heikin-Ashi bearish continuation below 1H 50-EMA
2026-08-31,14:01:00,NIFTY_HEIKIN_ASHI_BEARISH_1M_ATM,SIGNAL(skipped-already-open),"PE NIFTY24050PE @ 70.64 -- Heikin Ashi bearish, no upper wick, price below 50-EMA"
2026-08-31,14:02:00,NIFTY_HEIKIN_ASHI_BEARISH_1M_ATM,SIGNAL(skipped-already-open),"PE NIFTY24050PE @ 71.62 -- Heikin Ashi bearish, no upper wick, price below 50-EMA"
2026-08-31,14:03:00,NIFTY_HEIKIN_ASHI_BEARISH_1M_ATM,SIGNAL(skipped-already-open),"PE NIFTY24050PE @ 74.38 -- Heikin Ashi bearish, no upper wick, price below 50-EMA"
2026-08-31,14:04:00,NIFTY_HEIKIN_ASHI_BEARISH_1M_ATM,SIGNAL(skipped-already-open),"PE NIFTY24050PE @ 76.36 -- Heikin Ashi bearish, no upper wick, price below 50-EMA"
2026-08-31,14:04:00,NIFTY_ORB_BEARISH_5M_ITM,SIGNAL,PE NIFTY24200PE @ 179.05 -- 5m ORB breakdown below morning low 24036.2
2026-08-31,14:05:00,NIFTY_HEIKIN_ASHI_BEARISH_1M_ATM,SIGNAL(skipped-already-open),"PE NIFTY24000PE @ 56.38 -- Heikin Ashi bearish, no upper wick, price below 50-EMA"
2026-08-31,14:06:00,NIFTY_HEIKIN_ASHI_BEARISH_1M_ATM,SIGNAL(skipped-already-open),"PE NIFTY24050PE @ 76.57 -- Heikin Ashi bearish, no upper wick, price below 50-EMA"
2026-08-31,14:07:00,NIFTY_HEIKIN_ASHI_BEARISH_1M_ATM,SIGNAL(skipped-already-open),"PE NIFTY24050PE @ 73.14 -- Heikin Ashi bearish, no upper wick, price below 50-EMA"
2026-08-31,14:08:00,NIFTY_HEIKIN_ASHI_BEARISH_1M_ATM,SIGNAL(skipped-already-open),"PE NIFTY24050PE @ 74.50 -- Heikin Ashi bearish, no upper wick, price below 50-EMA"
2026-08-31,14:09:00,NIFTY_HEIKIN_ASHI_BEARISH_1M_ATM,SIGNAL(skipped-already-open),"PE NIFTY24050PE @ 77.33 -- Heikin Ashi bearish, no upper wick, price below 50-EMA"
2026-08-31,14:10:00,NIFTY_HEIKIN_ASHI_BEARISH_1M_ATM,SIGNAL(skipped-already-open),"PE NIFTY24050PE @ 74.87 -- Heikin Ashi bearish, no upper wick, price below 50-EMA"
2026-08-31,14:11:00,NIFTY_HEIKIN_ASHI_BEARISH_1M_ATM,SIGNAL(skipped-already-open),"PE NIFTY24050PE @ 77.94 -- Heikin Ashi bearish, no upper wick, price below 50-EMA"
2026-08-31,14:11:00,NIFTY_SUPERTREND_CMF_BEARISH_PE,SIGNAL(skipped-already-open),PE NIFTY24200PE @ 181.52 -- NIFTY Supertrend + Money Flow bearish alignment
2026-08-31,14:12:00,NIFTY_HEIKIN_ASHI_BEARISH_1M_ATM,SIGNAL(skipped-already-open),"PE NIFTY24050PE @ 77.57 -- Heikin Ashi bearish, no upper wick, price below 50-EMA"
2026-08-31,14:13:00,NIFTY_HEIKIN_ASHI_BEARISH_1M_ATM,SIGNAL(skipped-already-open),"PE NIFTY24050PE @ 77.20 -- Heikin Ashi bearish, no upper wick, price below 50-EMA"
2026-08-31,14:14:00,NIFTY_HEIKIN_ASHI_BEARISH_1M_ATM,SIGNAL(skipped-already-open),"PE NIFTY24050PE @ 77.41 -- Heikin Ashi bearish, no upper wick, price below 50-EMA"
2026-08-31,14:15:00,NIFTY_HEIKIN_ASHI_BEARISH_1M_ATM,SIGNAL(skipped-already-open),"PE NIFTY24050PE @ 76.88 -- Heikin Ashi bearish, no upper wick, price below 50-EMA"
2026-08-31,14:15:00,NIFTY_HEIKIN_ASHI_BEARISH_5M_ITM,SIGNAL(skipped-already-open),PE NIFTY24200PE @ 179.87 -- 5m Heikin-Ashi bearish continuation below 1H 50-EMA
2026-08-31,14:16:00,NIFTY_HEIKIN_ASHI_BEARISH_1M_ATM,SIGNAL(skipped-already-open),"PE NIFTY24050PE @ 75.62 -- Heikin Ashi bearish, no upper wick, price below 50-EMA"
2026-08-31,14:17:00,NIFTY_HEIKIN_ASHI_BEARISH_1M_ATM,SIGNAL(skipped-already-open),"PE NIFTY24050PE @ 76.33 -- Heikin Ashi bearish, no upper wick, price below 50-EMA"
2026-08-31,14:18:00,NIFTY_HEIKIN_ASHI_BEARISH_1M_ATM,SIGNAL(skipped-already-open),"PE NIFTY24050PE @ 76.09 -- Heikin Ashi bearish, no upper wick, price below 50-EMA"
2026-08-31,14:19:00,NIFTY_HEIKIN_ASHI_BEARISH_1M_ATM,SIGNAL(skipped-already-open),"PE NIFTY24050PE @ 75.83 -- Heikin Ashi bearish, no upper wick, price below 50-EMA"
2026-08-31,14:20:00,NIFTY_HEIKIN_ASHI_BEARISH_1M_ATM,SIGNAL(skipped-already-open),"PE NIFTY24050PE @ 79.44 -- Heikin Ashi bearish, no upper wick, price below 50-EMA"
2026-08-31,14:21:00,NIFTY_HEIKIN_ASHI_BEARISH_1M_ATM,SIGNAL(skipped-already-open),"PE NIFTY24050PE @ 78.31 -- Heikin Ashi bearish, no upper wick, price below 50-EMA"
2026-08-31,14:22:00,NIFTY_HEIKIN_ASHI_BEARISH_1M_ATM,SIGNAL(skipped-already-open),"PE NIFTY24050PE @ 80.90 -- Heikin Ashi bearish, no upper wick, price below 50-EMA"
2026-08-31,14:23:00,NIFTY_HEIKIN_ASHI_BEARISH_1M_ATM,SIGNAL(skipped-already-open),"PE NIFTY24000PE @ 57.05 -- Heikin Ashi bearish, no upper wick, price below 50-EMA"
2026-08-31,14:24:00,NIFTY_HEIKIN_ASHI_BEARISH_1M_ATM,SIGNAL(skipped-already-open),"PE NIFTY24000PE @ 56.49 -- Heikin Ashi bearish, no upper wick, price below 50-EMA"
2026-08-31,14:25:00,NIFTY_HEIKIN_ASHI_BEARISH_1M_ATM,SIGNAL(skipped-already-open),"PE NIFTY24000PE @ 56.58 -- Heikin Ashi bearish, no upper wick, price below 50-EMA"
2026-08-31,14:26:00,NIFTY_HEIKIN_ASHI_BEARISH_1M_ATM,SIGNAL(skipped-already-open),"PE NIFTY24050PE @ 79.52 -- Heikin Ashi bearish, no upper wick, price below 50-EMA"
2026-08-31,14:26:00,NIFTY_SUPERTREND_CMF_BEARISH_PE,SIGNAL(skipped-already-open),PE NIFTY24200PE @ 183.95 -- NIFTY Supertrend + Money Flow bearish alignment
2026-08-31,14:27:00,NIFTY_HEIKIN_ASHI_BEARISH_1M_ATM,SIGNAL(skipped-already-open),"PE NIFTY24050PE @ 80.74 -- Heikin Ashi bearish, no upper wick, price below 50-EMA"
2026-08-31,14:28:00,NIFTY_HEIKIN_ASHI_BEARISH_1M_ATM,SIGNAL(skipped-already-open),"PE NIFTY24000PE @ 56.71 -- Heikin Ashi bearish, no upper wick, price below 50-EMA"
2026-08-31,14:29:00,NIFTY_HEIKIN_ASHI_BEARISH_1M_ATM,SIGNAL(skipped-already-open),"PE NIFTY24000PE @ 57.60 -- Heikin Ashi bearish, no upper wick, price below 50-EMA"
2026-08-31,14:30:00,NIFTY_HEIKIN_ASHI_BEARISH_1M_ATM,SIGNAL(skipped-already-open),"PE NIFTY24050PE @ 80.30 -- Heikin Ashi bearish, no upper wick, price below 50-EMA"
2026-08-31,14:30:00,NIFTY_HEIKIN_ASHI_BEARISH_5M_ITM,SIGNAL(skipped-already-open),PE NIFTY24200PE @ 185.15 -- 5m Heikin-Ashi bearish continuation below 1H 50-EMA
2026-08-31,14:31:00,NIFTY_HEIKIN_ASHI_BEARISH_1M_ATM,SIGNAL(skipped-already-open),"PE NIFTY24050PE @ 77.89 -- Heikin Ashi bearish, no upper wick, price below 50-EMA"
2026-08-31,14:32:00,NIFTY_HEIKIN_ASHI_BEARISH_1M_ATM,SIGNAL(skipped-already-open),"PE NIFTY24050PE @ 77.30 -- Heikin Ashi bearish, no upper wick, price below 50-EMA"
2026-08-31,14:33:00,NIFTY_HEIKIN_ASHI_BEARISH_1M_ATM,SIGNAL(skipped-already-open),"PE NIFTY24050PE @ 78.10 -- Heikin Ashi bearish, no upper wick, price below 50-EMA"
2026-08-31,14:34:00,NIFTY_HEIKIN_ASHI_BEARISH_1M_ATM,SIGNAL(skipped-already-open),"PE NIFTY24050PE @ 76.25 -- Heikin Ashi bearish, no upper wick, price below 50-EMA"
2026-08-31,14:35:00,NIFTY_HEIKIN_ASHI_BEARISH_1M_ATM,SIGNAL(skipped-already-open),"PE NIFTY24050PE @ 75.99 -- Heikin Ashi bearish, no upper wick, price below 50-EMA"
2026-08-31,14:36:00,NIFTY_HEIKIN_ASHI_BEARISH_1M_ATM,SIGNAL(skipped-already-open),"PE NIFTY24050PE @ 77.30 -- Heikin Ashi bearish, no upper wick, price below 50-EMA"
2026-08-31,14:37:00,NIFTY_HEIKIN_ASHI_BEARISH_1M_ATM,SIGNAL(skipped-already-open),"PE NIFTY24050PE @ 75.18 -- Heikin Ashi bearish, no upper wick, price below 50-EMA"
2026-08-31,14:38:00,NIFTY_HEIKIN_ASHI_BEARISH_1M_ATM,SIGNAL(skipped-already-open),"PE NIFTY24050PE @ 74.82 -- Heikin Ashi bearish, no upper wick, price below 50-EMA"
2026-08-31,14:39:00,NIFTY_HEIKIN_ASHI_BEARISH_1M_ATM,SIGNAL(skipped-already-open),"PE NIFTY24050PE @ 70.66 -- Heikin Ashi bearish, no upper wick, price below 50-EMA"
2026-08-31,14:40:00,NIFTY_HEIKIN_ASHI_BEARISH_1M_ATM,SIGNAL,"PE NIFTY24050PE @ 66.25 -- Heikin Ashi bearish, no upper wick, price below 50-EMA"
2026-08-31,14:41:00,NIFTY_HEIKIN_ASHI_BEARISH_1M_ATM,SIGNAL(skipped-already-open),"PE NIFTY24050PE @ 67.02 -- Heikin Ashi bearish, no upper wick, price below 50-EMA"
2026-08-31,14:42:00,NIFTY_HEIKIN_ASHI_BEARISH_1M_ATM,SIGNAL(skipped-already-open),"PE NIFTY24050PE @ 63.55 -- Heikin Ashi bearish, no upper wick, price below 50-EMA"
2026-08-31,14:43:00,NIFTY_HEIKIN_ASHI_BEARISH_1M_ATM,SIGNAL(skipped-already-open),"PE NIFTY24050PE @ 64.92 -- Heikin Ashi bearish, no upper wick, price below 50-EMA"
2026-08-31,14:44:00,NIFTY_HEIKIN_ASHI_BEARISH_1M_ATM,SIGNAL(skipped-already-open),"PE NIFTY24050PE @ 66.04 -- Heikin Ashi bearish, no upper wick, price below 50-EMA"
2026-08-31,14:45:00,NIFTY_HEIKIN_ASHI_BULLISH_5M_ITM,SIGNAL,CE NIFTY23900CE @ 192.06 -- 5m Heikin-Ashi bullish trend continuation above 1H 50-EMA
2026-08-31,14:45:00,NIFTY_ORB_BULLISH_5M_ITM,SIGNAL,CE NIFTY23900CE @ 192.06 -- 5m ORB breakout above morning high 24070.8
2026-08-31,14:45:00,NIFTY_SUPERTREND_CMF_BULLISH_CE,SIGNAL,CE NIFTY23900CE @ 192.06 -- NIFTY Supertrend + Money Flow trend alignment
2026-08-31,15:05:00,NIFTY_SUPERTREND_CMF_BEARISH_PE,SIGNAL,PE NIFTY24250PE @ 204.90 -- NIFTY Supertrend + Money Flow bearish alignment
2026-08-31,15:10:00,NIFTY_HEIKIN_ASHI_BEARISH_5M_ITM,SIGNAL,PE NIFTY24250PE @ 199.11 -- 5m Heikin-Ashi bearish continuation below 1H 50-EMA
2026-08-31,15:14:00,NIFTY_RESISTANCE_REJECTION_5M_ITM,SIGNAL,PE NIFTY24250PE @ 205.71 -- 5m resistance rejection off 20-EMA (24056.6) in 1H downtrend
2026-08-31,15:20:00,NIFTY_SUPERTREND_CMF_BEARISH_PE,SIGNAL,PE NIFTY24250PE @ 207.18 -- NIFTY Supertrend + Money Flow bearish alignment
2026-08-31,15:25:00,NIFTY_HEIKIN_ASHI_BEARISH_5M_ITM,SIGNAL,PE NIFTY24250PE @ 207.18 -- 5m Heikin-Ashi bearish continuation below 1H 50-EMA
2026-08-31,15:29:00,NIFTY_SUPPORT_BOUNCE_5M_ITM,SIGNAL,CE NIFTY23900CE @ 198.23 -- 5m support bounce off 20-EMA (24055.1) in 1H uptrend
2026-08-31,15:29:00,NIFTY_ORB_BULLISH_5M_ITM,SIGNAL,CE NIFTY23900CE @ 198.23 -- 5m ORB breakout above morning high 24070.8
2026-08-31,15:29:00,NIFTY_SUPERTREND_CMF_BULLISH_CE,SIGNAL,CE NIFTY23900CE @ 198.23 -- NIFTY Supertrend + Money Flow trend alignment
2026-09-01,09:25:00,NIFTY_HEIKIN_ASHI_BEARISH_5M_ITM,SIGNAL,PE NIFTY24250PE @ 207.03 -- 5m Heikin-Ashi bearish continuation below 1H 50-EMA
2026-09-01,09:25:00,NIFTY_SUPERTREND_CMF_BEARISH_PE,SIGNAL,PE NIFTY24250PE @ 207.03 -- NIFTY Supertrend + Money Flow bearish alignment
2026-09-01,09:27:00,NIFTY_RESISTANCE_REJECTION_5M_ITM,SIGNAL,PE NIFTY24250PE @ 198.53 -- 5m resistance rejection off 20-EMA (24054.3) in 1H downtrend
2026-09-01,09:40:00,NIFTY_SUPERTREND_CMF_BEARISH_PE,SIGNAL(skipped-already-open),PE NIFTY24250PE @ 209.85 -- NIFTY Supertrend + Money Flow bearish alignment
2026-09-01,09:43:00,NIFTY_ORB_BEARISH_5M_ITM,SIGNAL,PE NIFTY24250PE @ 216.31 -- 5m ORB breakdown below morning low 24033.0
2026-09-01,09:45:00,NIFTY_HEIKIN_ASHI_BEARISH_5M_ITM,SIGNAL(skipped-already-open),PE NIFTY24250PE @ 222.43 -- 5m Heikin-Ashi bearish continuation below 1H 50-EMA
2026-09-01,09:55:00,NIFTY_SUPERTREND_CMF_BEARISH_PE,SIGNAL(skipped-already-open),PE NIFTY24250PE @ 222.84 -- NIFTY Supertrend + Money Flow bearish alignment
2026-09-01,10:00:00,NIFTY_HEIKIN_ASHI_BEARISH_1M_ATM,SIGNAL,"PE NIFTY24000PE @ 24.58 -- Heikin Ashi bearish, no upper wick, price below 50-EMA"
2026-09-01,10:00:00,NIFTY_MACD_BEARISH_1M_ATM,SIGNAL,"PE NIFTY24000PE @ 24.58 -- MACD bearish cross, price below 50-EMA"
2026-09-01,10:00:00,NIFTY_HEIKIN_ASHI_BEARISH_5M_ITM,SIGNAL(skipped-already-open),PE NIFTY24200PE @ 180.59 -- 5m Heikin-Ashi bearish continuation below 1H 50-EMA
2026-09-01,10:01:00,NIFTY_HEIKIN_ASHI_BEARISH_1M_ATM,SIGNAL(skipped-already-open),"PE NIFTY24000PE @ 24.84 -- Heikin Ashi bearish, no upper wick, price below 50-EMA"
2026-09-01,10:01:00,NIFTY_MACD_BEARISH_1M_ATM,SIGNAL(skipped-already-open),"PE NIFTY24000PE @ 24.84 -- MACD bearish cross, price below 50-EMA"
2026-09-01,10:02:00,NIFTY_HEIKIN_ASHI_BEARISH_1M_ATM,SIGNAL(skipped-already-open),"PE NIFTY24000PE @ 23.76 -- Heikin Ashi bearish, no upper wick, price below 50-EMA"
2026-09-01,10:02:00,NIFTY_MACD_BEARISH_1M_ATM,SIGNAL(skipped-already-open),"PE NIFTY24000PE @ 23.76 -- MACD bearish cross, price below 50-EMA"
2026-09-01,10:03:00,NIFTY_HEIKIN_ASHI_BEARISH_1M_ATM,SIGNAL(skipped-already-open),"PE NIFTY24050PE @ 44.88 -- Heikin Ashi bearish, no upper wick, price below 50-EMA"
2026-09-01,10:03:00,NIFTY_MACD_BEARISH_1M_ATM,SIGNAL(skipped-already-open),"PE NIFTY24050PE @ 44.88 -- MACD bearish cross, price below 50-EMA"
2026-09-01,10:04:00,NIFTY_HEIKIN_ASHI_BEARISH_1M_ATM,SIGNAL,"PE NIFTY24050PE @ 42.05 -- Heikin Ashi bearish, no upper wick, price below 50-EMA"
2026-09-01,10:04:00,NIFTY_MACD_BEARISH_1M_ATM,SIGNAL,"PE NIFTY24050PE @ 42.05 -- MACD bearish cross, price below 50-EMA"
2026-09-01,10:05:00,NIFTY_HEIKIN_ASHI_BEARISH_1M_ATM,SIGNAL(skipped-already-open),"PE NIFTY24050PE @ 42.18 -- Heikin Ashi bearish, no upper wick, price below 50-EMA"
2026-09-01,10:05:00,NIFTY_MACD_BEARISH_1M_ATM,SIGNAL(skipped-already-open),"PE NIFTY24050PE @ 42.18 -- MACD bearish cross, price below 50-EMA"
2026-09-01,10:06:00,NIFTY_HEIKIN_ASHI_BEARISH_1M_ATM,SIGNAL(skipped-already-open),"PE NIFTY24000PE @ 21.94 -- Heikin Ashi bearish, no upper wick, price below 50-EMA"
2026-09-01,10:06:00,NIFTY_MACD_BEARISH_1M_ATM,SIGNAL(skipped-already-open),"PE NIFTY24000PE @ 21.94 -- MACD bearish cross, price below 50-EMA"
2026-09-01,10:07:00,NIFTY_HEIKIN_ASHI_BEARISH_1M_ATM,SIGNAL(skipped-already-open),"PE NIFTY24050PE @ 42.72 -- Heikin Ashi bearish, no upper wick, price below 50-EMA"
2026-09-01,10:07:00,NIFTY_MACD_BEARISH_1M_ATM,SIGNAL(skipped-already-open),"PE NIFTY24050PE @ 42.72 -- MACD bearish cross, price below 50-EMA"
2026-09-01,10:08:00,NIFTY_HEIKIN_ASHI_BEARISH_1M_ATM,SIGNAL(skipped-already-open),"PE NIFTY24050PE @ 44.91 -- Heikin Ashi bearish, no upper wick, price below 50-EMA"
2026-09-01,10:08:00,NIFTY_MACD_BEARISH_1M_ATM,SIGNAL(skipped-already-open),"PE NIFTY24050PE @ 44.91 -- MACD bearish cross, price below 50-EMA"
2026-09-01,10:09:00,NIFTY_HEIKIN_ASHI_BEARISH_1M_ATM,SIGNAL,"PE NIFTY24050PE @ 41.78 -- Heikin Ashi bearish, no upper wick, price below 50-EMA"
2026-09-01,10:09:00,NIFTY_MACD_BEARISH_1M_ATM,SIGNAL,"PE NIFTY24050PE @ 41.78 -- MACD bearish cross, price below 50-EMA"
2026-09-01,10:10:00,NIFTY_HEIKIN_ASHI_BEARISH_1M_ATM,SIGNAL(skipped-already-open),"PE NIFTY24050PE @ 41.27 -- Heikin Ashi bearish, no upper wick, price below 50-EMA"
2026-09-01,10:10:00,NIFTY_MACD_BEARISH_1M_ATM,SIGNAL(skipped-already-open),"PE NIFTY24050PE @ 41.27 -- MACD bearish cross, price below 50-EMA"
2026-09-01,10:10:00,NIFTY_SUPERTREND_CMF_BEARISH_PE,SIGNAL(skipped-already-open),PE NIFTY24250PE @ 215.30 -- NIFTY Supertrend + Money Flow bearish alignment
2026-09-01,10:11:00,NIFTY_HEIKIN_ASHI_BEARISH_1M_ATM,SIGNAL(skipped-already-open),"PE NIFTY24050PE @ 39.95 -- Heikin Ashi bearish, no upper wick, price below 50-EMA"
2026-09-01,10:11:00,NIFTY_MACD_BEARISH_1M_ATM,SIGNAL(skipped-already-open),"PE NIFTY24050PE @ 39.95 -- MACD bearish cross, price below 50-EMA"
2026-09-01,10:12:00,NIFTY_HEIKIN_ASHI_BEARISH_1M_ATM,SIGNAL(skipped-already-open),"PE NIFTY24050PE @ 39.03 -- Heikin Ashi bearish, no upper wick, price below 50-EMA"
2026-09-01,10:12:00,NIFTY_MACD_BEARISH_1M_ATM,SIGNAL(skipped-already-open),"PE NIFTY24050PE @ 39.03 -- MACD bearish cross, price below 50-EMA"
2026-09-01,10:13:00,NIFTY_HEIKIN_ASHI_BEARISH_1M_ATM,SIGNAL(skipped-already-open),"PE NIFTY24050PE @ 40.21 -- Heikin Ashi bearish, no upper wick, price below 50-EMA"
2026-09-01,10:13:00,NIFTY_MACD_BEARISH_1M_ATM,SIGNAL(skipped-already-open),"PE NIFTY24050PE @ 40.21 -- MACD bearish cross, price below 50-EMA"
2026-09-01,10:14:00,NIFTY_HEIKIN_ASHI_BEARISH_1M_ATM,SIGNAL(skipped-already-open),"PE NIFTY24050PE @ 39.69 -- Heikin Ashi bearish, no upper wick, price below 50-EMA"
2026-09-01,10:14:00,NIFTY_MACD_BEARISH_1M_ATM,SIGNAL(skipped-already-open),"PE NIFTY24050PE @ 39.69 -- MACD bearish cross, price below 50-EMA"
2026-09-01,10:32:00,NIFTY_MACD_BULLISH_1M_ATM,SIGNAL,"CE NIFTY24050CE @ 42.42 -- MACD bullish cross, price above 50-EMA"
2026-09-01,10:32:00,NIFTY_HEIKIN_ASHI_BULLISH_5M_ITM,SIGNAL,CE NIFTY23850CE @ 219.12 -- 5m Heikin-Ashi bullish trend continuation above 1H 50-EMA
2026-09-01,10:32:00,NIFTY_SUPERTREND_CMF_BULLISH_CE,SIGNAL,CE NIFTY23850CE @ 219.12 -- NIFTY Supertrend + Money Flow trend alignment
2026-09-01,10:37:00,NIFTY_MACD_BULLISH_1M_ATM,SIGNAL(skipped-already-open),"CE NIFTY24050CE @ 42.72 -- MACD bullish cross, price above 50-EMA"
2026-09-01,10:38:00,NIFTY_MACD_BULLISH_1M_ATM,SIGNAL(skipped-already-open),"CE NIFTY24050CE @ 42.21 -- MACD bullish cross, price above 50-EMA"
2026-09-01,10:39:00,NIFTY_MACD_BULLISH_1M_ATM,SIGNAL(skipped-already-open),"CE NIFTY24050CE @ 42.31 -- MACD bullish cross, price above 50-EMA"
2026-09-01,10:48:00,NIFTY_SUPERTREND_CMF_BULLISH_CE,SIGNAL(skipped-already-open),CE NIFTY23850CE @ 219.80 -- NIFTY Supertrend + Money Flow trend alignment
2026-09-01,10:53:00,NIFTY_ORB_BULLISH_1M_ATM,SIGNAL,CE NIFTY24100CE @ 25.85 -- ORB breakout above opening range high 24082.6
2026-09-01,10:55:00,NIFTY_HEIKIN_ASHI_BULLISH_5M_ITM,SIGNAL(skipped-already-open),CE NIFTY23900CE @ 191.09 -- 5m Heikin-Ashi bullish trend continuation above 1H 50-EMA
2026-09-01,10:57:00,NIFTY_ORB_BULLISH_1M_ATM,SIGNAL(skipped-already-open),CE NIFTY24100CE @ 24.53 -- ORB breakout above opening range high 24082.6
2026-09-01,11:03:00,NIFTY_SUPERTREND_CMF_BULLISH_CE,SIGNAL(skipped-already-open),CE NIFTY23900CE @ 177.25 -- NIFTY Supertrend + Money Flow trend alignment
2026-09-01,11:07:00,NIFTY_ORB_BULLISH_1M_ATM,SIGNAL,CE NIFTY24100CE @ 22.65 -- ORB breakout above opening range high 24082.6
2026-09-01,11:15:00,NIFTY_HEIKIN_ASHI_BULLISH_5M_ITM,SIGNAL(skipped-already-open),CE NIFTY23900CE @ 215.30 -- 5m Heikin-Ashi bullish trend continuation above 1H 50-EMA
2026-09-01,11:18:00,NIFTY_SUPERTREND_CMF_BULLISH_CE,SIGNAL(skipped-already-open),CE NIFTY23900CE @ 216.44 -- NIFTY Supertrend + Money Flow trend alignment
2026-09-01,11:30:00,NIFTY_HEIKIN_ASHI_BULLISH_5M_ITM,SIGNAL(skipped-already-open),CE NIFTY23950CE @ 191.50 -- 5m Heikin-Ashi bullish trend continuation above 1H 50-EMA
2026-09-01,11:33:00,NIFTY_SUPERTREND_CMF_BULLISH_CE,SIGNAL(skipped-already-open),CE NIFTY23950CE @ 182.43 -- NIFTY Supertrend + Money Flow trend alignment
2026-09-01,11:48:00,NIFTY_SUPERTREND_CMF_BULLISH_CE,SIGNAL(skipped-already-open),CE NIFTY23900CE @ 212.63 -- NIFTY Supertrend + Money Flow trend alignment
2026-09-01,12:03:00,NIFTY_SUPERTREND_CMF_BULLISH_CE,SIGNAL(skipped-already-open),CE NIFTY23900CE @ 220.12 -- NIFTY Supertrend + Money Flow trend alignment
2026-09-01,12:10:00,NIFTY_HEIKIN_ASHI_BULLISH_5M_ITM,SIGNAL(skipped-already-open),CE NIFTY23950CE @ 180.65 -- 5m Heikin-Ashi bullish trend continuation above 1H 50-EMA
2026-09-01,12:18:00,NIFTY_SUPERTREND_CMF_BULLISH_CE,SIGNAL(skipped-already-open),CE NIFTY23900CE @ 210.87 -- NIFTY Supertrend + Money Flow trend alignment
2026-09-01,12:25:00,NIFTY_SUPPORT_BOUNCE_5M_ITM,SIGNAL,CE NIFTY23900CE @ 206.10 -- 5m support bounce off 20-EMA (24103.9) in 1H uptrend
2026-09-01,12:33:00,NIFTY_SUPERTREND_CMF_BULLISH_CE,SIGNAL,CE NIFTY23900CE @ 205.87 -- NIFTY Supertrend + Money Flow trend alignment
2026-09-01,12:45:00,NIFTY_HEIKIN_ASHI_BULLISH_5M_ITM,SIGNAL,CE NIFTY23900CE @ 213.03 -- 5m Heikin-Ashi bullish trend continuation above 1H 50-EMA
2026-09-01,12:48:00,NIFTY_SUPERTREND_CMF_BULLISH_CE,SIGNAL(skipped-already-open),CE NIFTY23900CE @ 210.52 -- NIFTY Supertrend + Money Flow trend alignment
2026-09-01,13:03:00,NIFTY_HEIKIN_ASHI_BEARISH_5M_ITM,SIGNAL,PE NIFTY24300PE @ 216.38 -- 5m Heikin-Ashi bearish continuation below 1H 50-EMA
2026-09-01,13:03:00,NIFTY_SUPERTREND_CMF_BEARISH_PE,SIGNAL,PE NIFTY24300PE @ 216.38 -- NIFTY Supertrend + Money Flow bearish alignment
2026-09-01,13:15:00,NIFTY_HEIKIN_ASHI_BEARISH_1M_ATM,SIGNAL,"PE NIFTY24050PE @ 24.50 -- Heikin Ashi bearish, no upper wick, price below 50-EMA"
2026-09-01,13:15:00,NIFTY_MACD_BEARISH_1M_ATM,SIGNAL,"PE NIFTY24050PE @ 24.50 -- MACD bearish cross, price below 50-EMA"
2026-09-01,13:16:00,NIFTY_HEIKIN_ASHI_BEARISH_1M_ATM,SIGNAL(skipped-already-open),"PE NIFTY24050PE @ 24.53 -- Heikin Ashi bearish, no upper wick, price below 50-EMA"
2026-09-01,13:16:00,NIFTY_MACD_BEARISH_1M_ATM,SIGNAL(skipped-already-open),"PE NIFTY24050PE @ 24.53 -- MACD bearish cross, price below 50-EMA"
2026-09-01,13:17:00,NIFTY_HEIKIN_ASHI_BEARISH_1M_ATM,SIGNAL(skipped-already-open),"PE NIFTY24050PE @ 25.06 -- Heikin Ashi bearish, no upper wick, price below 50-EMA"
2026-09-01,13:17:00,NIFTY_MACD_BEARISH_1M_ATM,SIGNAL(skipped-already-open),"PE NIFTY24050PE @ 25.06 -- MACD bearish cross, price below 50-EMA"
2026-09-01,13:18:00,NIFTY_HEIKIN_ASHI_BEARISH_1M_ATM,SIGNAL(skipped-already-open),"PE NIFTY24050PE @ 23.07 -- Heikin Ashi bearish, no upper wick, price below 50-EMA"
2026-09-01,13:18:00,NIFTY_MACD_BEARISH_1M_ATM,SIGNAL(skipped-already-open),"PE NIFTY24050PE @ 23.07 -- MACD bearish cross, price below 50-EMA"
2026-09-01,13:18:00,NIFTY_HEIKIN_ASHI_BEARISH_5M_ITM,SIGNAL(skipped-already-open),PE NIFTY24250PE @ 203.47 -- 5m Heikin-Ashi bearish continuation below 1H 50-EMA
2026-09-01,13:18:00,NIFTY_SUPERTREND_CMF_BEARISH_PE,SIGNAL(skipped-already-open),PE NIFTY24250PE @ 203.47 -- NIFTY Supertrend + Money Flow bearish alignment
2026-09-01,13:19:00,NIFTY_HEIKIN_ASHI_BEARISH_1M_ATM,SIGNAL(skipped-already-open),"PE NIFTY24050PE @ 21.47 -- Heikin Ashi bearish, no upper wick, price below 50-EMA"
2026-09-01,13:19:00,NIFTY_MACD_BEARISH_1M_ATM,SIGNAL(skipped-already-open),"PE NIFTY24050PE @ 21.47 -- MACD bearish cross, price below 50-EMA"
2026-09-01,13:20:00,NIFTY_HEIKIN_ASHI_BEARISH_1M_ATM,SIGNAL(skipped-already-open),"PE NIFTY24050PE @ 20.69 -- Heikin Ashi bearish, no upper wick, price below 50-EMA"
2026-09-01,13:20:00,NIFTY_MACD_BEARISH_1M_ATM,SIGNAL(skipped-already-open),"PE NIFTY24050PE @ 20.69 -- MACD bearish cross, price below 50-EMA"
2026-09-01,13:21:00,NIFTY_HEIKIN_ASHI_BEARISH_1M_ATM,SIGNAL,"PE NIFTY24050PE @ 18.02 -- Heikin Ashi bearish, no upper wick, price below 50-EMA"
2026-09-01,13:21:00,NIFTY_MACD_BEARISH_1M_ATM,SIGNAL,"PE NIFTY24050PE @ 18.02 -- MACD bearish cross, price below 50-EMA"
2026-09-01,13:22:00,NIFTY_HEIKIN_ASHI_BEARISH_1M_ATM,SIGNAL(skipped-already-open),"PE NIFTY24050PE @ 17.03 -- Heikin Ashi bearish, no upper wick, price below 50-EMA"
2026-09-01,13:22:00,NIFTY_MACD_BEARISH_1M_ATM,SIGNAL(skipped-already-open),"PE NIFTY24050PE @ 17.03 -- MACD bearish cross, price below 50-EMA"
2026-09-01,13:23:00,NIFTY_HEIKIN_ASHI_BEARISH_1M_ATM,SIGNAL(skipped-already-open),"PE NIFTY24050PE @ 18.66 -- Heikin Ashi bearish, no upper wick, price below 50-EMA"
2026-09-01,13:23:00,NIFTY_MACD_BEARISH_1M_ATM,SIGNAL(skipped-already-open),"PE NIFTY24050PE @ 18.66 -- MACD bearish cross, price below 50-EMA"
2026-09-01,13:24:00,NIFTY_HEIKIN_ASHI_BEARISH_1M_ATM,SIGNAL(skipped-already-open),"PE NIFTY24050PE @ 17.35 -- Heikin Ashi bearish, no upper wick, price below 50-EMA"
2026-09-01,13:24:00,NIFTY_MACD_BEARISH_1M_ATM,SIGNAL(skipped-already-open),"PE NIFTY24050PE @ 17.35 -- MACD bearish cross, price below 50-EMA"
2026-09-01,13:25:00,NIFTY_HEIKIN_ASHI_BEARISH_1M_ATM,SIGNAL(skipped-already-open),"PE NIFTY24050PE @ 16.49 -- Heikin Ashi bearish, no upper wick, price below 50-EMA"
2026-09-01,13:25:00,NIFTY_MACD_BEARISH_1M_ATM,SIGNAL(skipped-already-open),"PE NIFTY24050PE @ 16.49 -- MACD bearish cross, price below 50-EMA"
2026-09-01,13:26:00,NIFTY_HEIKIN_ASHI_BEARISH_1M_ATM,SIGNAL(skipped-already-open),"PE NIFTY24050PE @ 16.88 -- Heikin Ashi bearish, no upper wick, price below 50-EMA"
2026-09-01,13:26:00,NIFTY_MACD_BEARISH_1M_ATM,SIGNAL(skipped-already-open),"PE NIFTY24050PE @ 16.88 -- MACD bearish cross, price below 50-EMA"
2026-09-01,13:27:00,NIFTY_HEIKIN_ASHI_BEARISH_1M_ATM,SIGNAL(skipped-already-open),"PE NIFTY24050PE @ 19.02 -- Heikin Ashi bearish, no upper wick, price below 50-EMA"
2026-09-01,13:27:00,NIFTY_MACD_BEARISH_1M_ATM,SIGNAL(skipped-already-open),"PE NIFTY24050PE @ 19.02 -- MACD bearish cross, price below 50-EMA"
2026-09-01,13:28:00,NIFTY_HEIKIN_ASHI_BEARISH_1M_ATM,SIGNAL(skipped-already-open),"PE NIFTY24050PE @ 21.59 -- Heikin Ashi bearish, no upper wick, price below 50-EMA"
2026-09-01,13:28:00,NIFTY_MACD_BEARISH_1M_ATM,SIGNAL(skipped-already-open),"PE NIFTY24050PE @ 21.59 -- MACD bearish cross, price below 50-EMA"
2026-09-01,13:29:00,NIFTY_HEIKIN_ASHI_BEARISH_1M_ATM,SIGNAL(skipped-already-open),"PE NIFTY24050PE @ 20.29 -- Heikin Ashi bearish, no upper wick, price below 50-EMA"
2026-09-01,13:29:00,NIFTY_MACD_BEARISH_1M_ATM,SIGNAL(skipped-already-open),"PE NIFTY24050PE @ 20.29 -- MACD bearish cross, price below 50-EMA"
2026-09-01,13:30:00,NIFTY_HEIKIN_ASHI_BEARISH_1M_ATM,SIGNAL(skipped-already-open),"PE NIFTY24050PE @ 18.41 -- Heikin Ashi bearish, no upper wick, price below 50-EMA"
2026-09-01,13:31:00,NIFTY_HEIKIN_ASHI_BEARISH_1M_ATM,SIGNAL,"PE NIFTY24050PE @ 15.70 -- Heikin Ashi bearish, no upper wick, price below 50-EMA"
2026-09-01,13:32:00,NIFTY_HEIKIN_ASHI_BEARISH_1M_ATM,SIGNAL(skipped-already-open),"PE NIFTY24050PE @ 15.62 -- Heikin Ashi bearish, no upper wick, price below 50-EMA"
2026-09-01,13:33:00,NIFTY_HEIKIN_ASHI_BEARISH_1M_ATM,SIGNAL(skipped-already-open),"PE NIFTY24050PE @ 15.01 -- Heikin Ashi bearish, no upper wick, price below 50-EMA"
2026-09-01,13:33:00,NIFTY_SUPERTREND_CMF_BEARISH_PE,SIGNAL(skipped-already-open),PE NIFTY24250PE @ 188.97 -- NIFTY Supertrend + Money Flow bearish alignment
2026-09-01,13:34:00,NIFTY_HEIKIN_ASHI_BEARISH_1M_ATM,SIGNAL(skipped-already-open),"PE NIFTY24050PE @ 15.22 -- Heikin Ashi bearish, no upper wick, price below 50-EMA"
2026-09-01,13:35:00,NIFTY_HEIKIN_ASHI_BEARISH_1M_ATM,SIGNAL(skipped-already-open),"PE NIFTY24050PE @ 14.42 -- Heikin Ashi bearish, no upper wick, price below 50-EMA"
2026-09-01,13:36:00,NIFTY_HEIKIN_ASHI_BEARISH_1M_ATM,SIGNAL(skipped-already-open),"PE NIFTY24050PE @ 17.65 -- Heikin Ashi bearish, no upper wick, price below 50-EMA"
2026-09-01,13:37:00,NIFTY_HEIKIN_ASHI_BEARISH_1M_ATM,SIGNAL(skipped-already-open),"PE NIFTY24050PE @ 21.75 -- Heikin Ashi bearish, no upper wick, price below 50-EMA"
2026-09-01,13:38:00,NIFTY_HEIKIN_ASHI_BEARISH_1M_ATM,SIGNAL(skipped-already-open),"PE NIFTY24050PE @ 24.00 -- Heikin Ashi bearish, no upper wick, price below 50-EMA"
2026-09-01,13:39:00,NIFTY_HEIKIN_ASHI_BEARISH_1M_ATM,SIGNAL(skipped-already-open),"PE NIFTY24050PE @ 26.55 -- Heikin Ashi bearish, no upper wick, price below 50-EMA"
2026-09-01,13:40:00,NIFTY_HEIKIN_ASHI_BEARISH_1M_ATM,SIGNAL(skipped-already-open),"PE NIFTY24050PE @ 32.61 -- Heikin Ashi bearish, no upper wick, price below 50-EMA"
2026-09-01,13:40:00,NIFTY_ORB_BEARISH_5M_ITM,SIGNAL,PE NIFTY24250PE @ 222.34 -- 5m ORB breakdown below morning low 24033.0
2026-09-01,13:41:00,NIFTY_HEIKIN_ASHI_BEARISH_1M_ATM,SIGNAL(skipped-already-open),"PE NIFTY24000PE @ 9.89 -- Heikin Ashi bearish, no upper wick, price below 50-EMA"
2026-09-01,13:42:00,NIFTY_HEIKIN_ASHI_BEARISH_1M_ATM,SIGNAL(skipped-already-open),"PE NIFTY24000PE @ 9.15 -- Heikin Ashi bearish, no upper wick, price below 50-EMA"
2026-09-01,13:43:00,NIFTY_HEIKIN_ASHI_BEARISH_1M_ATM,SIGNAL(skipped-already-open),"PE NIFTY24050PE @ 30.37 -- Heikin Ashi bearish, no upper wick, price below 50-EMA"
2026-09-01,13:44:00,NIFTY_HEIKIN_ASHI_BEARISH_1M_ATM,SIGNAL,"PE NIFTY24050PE @ 27.79 -- Heikin Ashi bearish, no upper wick, price below 50-EMA"
2026-09-01,13:45:00,NIFTY_HEIKIN_ASHI_BEARISH_1M_ATM,SIGNAL(skipped-already-open),"PE NIFTY24050PE @ 29.98 -- Heikin Ashi bearish, no upper wick, price below 50-EMA"
2026-09-01,13:45:00,NIFTY_HEIKIN_ASHI_BEARISH_5M_ITM,SIGNAL(skipped-already-open),PE NIFTY24250PE @ 219.01 -- 5m Heikin-Ashi bearish continuation below 1H 50-EMA
2026-09-01,13:46:00,NIFTY_HEIKIN_ASHI_BEARISH_1M_ATM,SIGNAL(skipped-already-open),"PE NIFTY24050PE @ 32.89 -- Heikin Ashi bearish, no upper wick, price below 50-EMA"
2026-09-01,13:47:00,NIFTY_HEIKIN_ASHI_BEARISH_1M_ATM,SIGNAL(skipped-already-open),"PE NIFTY24000PE @ 10.47 -- Heikin Ashi bearish, no upper wick, price below 50-EMA"
2026-09-01,13:48:00,NIFTY_HEIKIN_ASHI_BEARISH_1M_ATM,SIGNAL(skipped-already-open),"PE NIFTY24000PE @ 9.71 -- Heikin Ashi bearish, no upper wick, price below 50-EMA"
2026-09-01,13:48:00,NIFTY_SUPERTREND_CMF_BEARISH_PE,SIGNAL(skipped-already-open),PE NIFTY24200PE @ 178.02 -- NIFTY Supertrend + Money Flow bearish alignment
2026-09-01,13:49:00,NIFTY_HEIKIN_ASHI_BEARISH_1M_ATM,SIGNAL(skipped-already-open),"PE NIFTY24000PE @ 10.42 -- Heikin Ashi bearish, no upper wick, price below 50-EMA"
2026-09-01,13:50:00,NIFTY_HEIKIN_ASHI_BEARISH_1M_ATM,SIGNAL(skipped-already-open),"PE NIFTY24000PE @ 18.11 -- Heikin Ashi bearish, no upper wick, price below 50-EMA"
2026-09-01,13:51:00,NIFTY_HEIKIN_ASHI_BEARISH_1M_ATM,SIGNAL(skipped-already-open),"PE NIFTY24000PE @ 23.58 -- Heikin Ashi bearish, no upper wick, price below 50-EMA"
2026-09-01,13:52:00,NIFTY_HEIKIN_ASHI_BEARISH_1M_ATM,SIGNAL(skipped-already-open),"PE NIFTY24000PE @ 22.26 -- Heikin Ashi bearish, no upper wick, price below 50-EMA"
2026-09-01,13:53:00,NIFTY_HEIKIN_ASHI_BEARISH_1M_ATM,SIGNAL(skipped-already-open),"PE NIFTY24000PE @ 22.48 -- Heikin Ashi bearish, no upper wick, price below 50-EMA"
2026-09-01,13:54:00,NIFTY_HEIKIN_ASHI_BEARISH_1M_ATM,SIGNAL(skipped-already-open),"PE NIFTY24000PE @ 21.21 -- Heikin Ashi bearish, no upper wick, price below 50-EMA"
2026-09-01,13:55:00,NIFTY_HEIKIN_ASHI_BEARISH_1M_ATM,SIGNAL(skipped-already-open),"PE NIFTY24000PE @ 23.31 -- Heikin Ashi bearish, no upper wick, price below 50-EMA"
2026-09-01,13:56:00,NIFTY_HEIKIN_ASHI_BEARISH_1M_ATM,SIGNAL(skipped-already-open),"PE NIFTY24000PE @ 18.35 -- Heikin Ashi bearish, no upper wick, price below 50-EMA"
2026-09-01,13:57:00,NIFTY_HEIKIN_ASHI_BEARISH_1M_ATM,SIGNAL,"PE NIFTY24000PE @ 14.84 -- Heikin Ashi bearish, no upper wick, price below 50-EMA"
2026-09-01,13:58:00,NIFTY_HEIKIN_ASHI_BEARISH_1M_ATM,SIGNAL(skipped-already-open),"PE NIFTY24000PE @ 14.92 -- Heikin Ashi bearish, no upper wick, price below 50-EMA"
2026-09-01,13:59:00,NIFTY_HEIKIN_ASHI_BEARISH_1M_ATM,SIGNAL(skipped-already-open),"PE NIFTY24000PE @ 17.42 -- Heikin Ashi bearish, no upper wick, price below 50-EMA"
2026-09-01,14:00:00,NIFTY_HEIKIN_ASHI_BEARISH_1M_ATM,SIGNAL(skipped-already-open),"PE NIFTY24000PE @ 20.99 -- Heikin Ashi bearish, no upper wick, price below 50-EMA"
2026-09-01,14:00:00,NIFTY_HEIKIN_ASHI_BEARISH_5M_ITM,SIGNAL(skipped-already-open),PE NIFTY24200PE @ 206.51 -- 5m Heikin-Ashi bearish continuation below 1H 50-EMA
2026-09-01,14:01:00,NIFTY_HEIKIN_ASHI_BEARISH_1M_ATM,SIGNAL(skipped-already-open),"PE NIFTY24000PE @ 21.88 -- Heikin Ashi bearish, no upper wick, price below 50-EMA"
2026-09-01,14:02:00,NIFTY_HEIKIN_ASHI_BEARISH_1M_ATM,SIGNAL(skipped-already-open),"PE NIFTY24000PE @ 27.65 -- Heikin Ashi bearish, no upper wick, price below 50-EMA"
2026-09-01,14:03:00,NIFTY_HEIKIN_ASHI_BEARISH_1M_ATM,SIGNAL(skipped-already-open),"PE NIFTY24000PE @ 29.92 -- Heikin Ashi bearish, no upper wick, price below 50-EMA"
2026-09-01,14:03:00,NIFTY_SUPERTREND_CMF_BEARISH_PE,SIGNAL(skipped-already-open),PE NIFTY24200PE @ 221.27 -- NIFTY Supertrend + Money Flow bearish alignment
2026-09-01,14:04:00,NIFTY_HEIKIN_ASHI_BEARISH_1M_ATM,SIGNAL(skipped-already-open),"PE NIFTY24000PE @ 29.77 -- Heikin Ashi bearish, no upper wick, price below 50-EMA"
2026-09-01,14:05:00,NIFTY_HEIKIN_ASHI_BEARISH_1M_ATM,SIGNAL(skipped-already-open),"PE NIFTY24000PE @ 26.99 -- Heikin Ashi bearish, no upper wick, price below 50-EMA"
2026-09-01,14:06:00,NIFTY_HEIKIN_ASHI_BEARISH_1M_ATM,SIGNAL(skipped-already-open),"PE NIFTY24000PE @ 29.87 -- Heikin Ashi bearish, no upper wick, price below 50-EMA"
2026-09-01,14:07:00,NIFTY_HEIKIN_ASHI_BEARISH_1M_ATM,SIGNAL(skipped-already-open),"PE NIFTY23950PE @ 7.30 -- Heikin Ashi bearish, no upper wick, price below 50-EMA"
2026-09-01,14:08:00,NIFTY_HEIKIN_ASHI_BEARISH_1M_ATM,SIGNAL(skipped-already-open),"PE NIFTY23950PE @ 10.52 -- Heikin Ashi bearish, no upper wick, price below 50-EMA"
2026-09-01,14:09:00,NIFTY_HEIKIN_ASHI_BEARISH_1M_ATM,SIGNAL(skipped-already-open),"PE NIFTY23950PE @ 13.51 -- Heikin Ashi bearish, no upper wick, price below 50-EMA"
2026-09-01,14:10:00,NIFTY_HEIKIN_ASHI_BEARISH_1M_ATM,SIGNAL(skipped-already-open),"PE NIFTY23950PE @ 11.23 -- Heikin Ashi bearish, no upper wick, price below 50-EMA"
2026-09-01,14:11:00,NIFTY_HEIKIN_ASHI_BEARISH_1M_ATM,SIGNAL,"PE NIFTY23950PE @ 8.17 -- Heikin Ashi bearish, no upper wick, price below 50-EMA"
2026-09-01,14:12:00,NIFTY_HEIKIN_ASHI_BEARISH_1M_ATM,SIGNAL(skipped-already-open),"PE NIFTY23950PE @ 11.31 -- Heikin Ashi bearish, no upper wick, price below 50-EMA"
2026-09-01,14:13:00,NIFTY_HEIKIN_ASHI_BEARISH_1M_ATM,SIGNAL(skipped-already-open),"PE NIFTY23950PE @ 11.15 -- Heikin Ashi bearish, no upper wick, price below 50-EMA"
2026-09-01,14:14:00,NIFTY_HEIKIN_ASHI_BEARISH_1M_ATM,SIGNAL,"PE NIFTY23950PE @ 9.59 -- Heikin Ashi bearish, no upper wick, price below 50-EMA"
2026-09-01,14:15:00,NIFTY_HEIKIN_ASHI_BEARISH_1M_ATM,SIGNAL(skipped-already-open),"PE NIFTY23950PE @ 9.23 -- Heikin Ashi bearish, no upper wick, price below 50-EMA"
2026-09-01,14:15:00,NIFTY_HEIKIN_ASHI_BEARISH_5M_ITM,SIGNAL(skipped-already-open),PE NIFTY24150PE @ 183.96 -- 5m Heikin-Ashi bearish continuation below 1H 50-EMA
2026-09-01,14:16:00,NIFTY_HEIKIN_ASHI_BEARISH_1M_ATM,SIGNAL(skipped-already-open),"PE NIFTY23950PE @ 9.78 -- Heikin Ashi bearish, no upper wick, price below 50-EMA"
2026-09-01,14:17:00,NIFTY_HEIKIN_ASHI_BEARISH_1M_ATM,SIGNAL(skipped-already-open),"PE NIFTY23950PE @ 10.23 -- Heikin Ashi bearish, no upper wick, price below 50-EMA"
2026-09-01,14:18:00,NIFTY_HEIKIN_ASHI_BEARISH_1M_ATM,SIGNAL(skipped-already-open),"PE NIFTY23950PE @ 11.03 -- Heikin Ashi bearish, no upper wick, price below 50-EMA"
2026-09-01,14:18:00,NIFTY_SUPERTREND_CMF_BEARISH_PE,SIGNAL(skipped-already-open),PE NIFTY24150PE @ 189.67 -- NIFTY Supertrend + Money Flow bearish alignment
2026-09-01,14:19:00,NIFTY_HEIKIN_ASHI_BEARISH_1M_ATM,SIGNAL,"PE NIFTY23950PE @ 8.89 -- Heikin Ashi bearish, no upper wick, price below 50-EMA"
2026-09-01,14:20:00,NIFTY_HEIKIN_ASHI_BEARISH_1M_ATM,SIGNAL(skipped-already-open),"PE NIFTY23950PE @ 9.34 -- Heikin Ashi bearish, no upper wick, price below 50-EMA"
2026-09-01,14:21:00,NIFTY_HEIKIN_ASHI_BEARISH_1M_ATM,SIGNAL(skipped-already-open),"PE NIFTY23950PE @ 10.96 -- Heikin Ashi bearish, no upper wick, price below 50-EMA"
2026-09-01,14:22:00,NIFTY_HEIKIN_ASHI_BEARISH_1M_ATM,SIGNAL(skipped-already-open),"PE NIFTY23950PE @ 12.59 -- Heikin Ashi bearish, no upper wick, price below 50-EMA"
2026-09-01,14:23:00,NIFTY_HEIKIN_ASHI_BEARISH_1M_ATM,SIGNAL(skipped-already-open),"PE NIFTY23950PE @ 12.80 -- Heikin Ashi bearish, no upper wick, price below 50-EMA"
2026-09-01,14:24:00,NIFTY_HEIKIN_ASHI_BEARISH_1M_ATM,SIGNAL(skipped-already-open),"PE NIFTY23950PE @ 11.22 -- Heikin Ashi bearish, no upper wick, price below 50-EMA"
2026-09-01,14:25:00,NIFTY_HEIKIN_ASHI_BEARISH_1M_ATM,SIGNAL,"PE NIFTY23950PE @ 9.62 -- Heikin Ashi bearish, no upper wick, price below 50-EMA"
2026-09-01,14:26:00,NIFTY_HEIKIN_ASHI_BEARISH_1M_ATM,SIGNAL(skipped-already-open),"PE NIFTY23950PE @ 10.68 -- Heikin Ashi bearish, no upper wick, price below 50-EMA"
2026-09-01,14:27:00,NIFTY_HEIKIN_ASHI_BEARISH_1M_ATM,SIGNAL(skipped-already-open),"PE NIFTY23950PE @ 11.97 -- Heikin Ashi bearish, no upper wick, price below 50-EMA"
2026-09-01,14:28:00,NIFTY_HEIKIN_ASHI_BEARISH_1M_ATM,SIGNAL(skipped-already-open),"PE NIFTY23950PE @ 11.21 -- Heikin Ashi bearish, no upper wick, price below 50-EMA"
2026-09-01,14:29:00,NIFTY_HEIKIN_ASHI_BEARISH_1M_ATM,SIGNAL,"PE NIFTY24000PE @ 25.33 -- Heikin Ashi bearish, no upper wick, price below 50-EMA"
2026-09-01,14:30:00,NIFTY_HEIKIN_ASHI_BEARISH_1M_ATM,SIGNAL(skipped-already-open),"PE NIFTY23950PE @ 6.30 -- Heikin Ashi bearish, no upper wick, price below 50-EMA"
2026-09-01,14:31:00,NIFTY_HEIKIN_ASHI_BEARISH_1M_ATM,SIGNAL,"PE NIFTY24000PE @ 25.33 -- Heikin Ashi bearish, no upper wick, price below 50-EMA"
2026-09-01,14:32:00,NIFTY_HEIKIN_ASHI_BEARISH_1M_ATM,SIGNAL(skipped-already-open),"PE NIFTY24000PE @ 26.57 -- Heikin Ashi bearish, no upper wick, price below 50-EMA"
2026-09-01,14:33:00,NIFTY_HEIKIN_ASHI_BEARISH_1M_ATM,SIGNAL(skipped-already-open),"PE NIFTY23950PE @ 5.23 -- Heikin Ashi bearish, no upper wick, price below 50-EMA"
2026-09-01,14:33:00,NIFTY_SUPERTREND_CMF_BEARISH_PE,SIGNAL(skipped-already-open),PE NIFTY24150PE @ 176.52 -- NIFTY Supertrend + Money Flow bearish alignment
2026-09-01,14:34:00,NIFTY_HEIKIN_ASHI_BEARISH_1M_ATM,SIGNAL,"PE NIFTY24000PE @ 22.85 -- Heikin Ashi bearish, no upper wick, price below 50-EMA"
2026-09-01,14:35:00,NIFTY_HEIKIN_ASHI_BEARISH_1M_ATM,SIGNAL(skipped-already-open),"PE NIFTY24000PE @ 26.16 -- Heikin Ashi bearish, no upper wick, price below 50-EMA"
2026-09-01,14:36:00,NIFTY_HEIKIN_ASHI_BEARISH_1M_ATM,SIGNAL(skipped-already-open),"PE NIFTY23950PE @ 4.58 -- Heikin Ashi bearish, no upper wick, price below 50-EMA"
2026-09-01,14:37:00,NIFTY_HEIKIN_ASHI_BEARISH_1M_ATM,SIGNAL(skipped-already-open),"PE NIFTY23950PE @ 6.28 -- Heikin Ashi bearish, no upper wick, price below 50-EMA"
2026-09-01,14:38:00,NIFTY_HEIKIN_ASHI_BEARISH_1M_ATM,SIGNAL(skipped-already-open),"PE NIFTY23950PE @ 5.20 -- Heikin Ashi bearish, no upper wick, price below 50-EMA"
2026-09-01,14:39:00,NIFTY_HEIKIN_ASHI_BEARISH_1M_ATM,SIGNAL(skipped-already-open),"PE NIFTY23950PE @ 6.65 -- Heikin Ashi bearish, no upper wick, price below 50-EMA"
2026-09-01,14:40:00,NIFTY_HEIKIN_ASHI_BEARISH_1M_ATM,SIGNAL(skipped-already-open),"PE NIFTY23950PE @ 8.46 -- Heikin Ashi bearish, no upper wick, price below 50-EMA"
2026-09-01,14:41:00,NIFTY_HEIKIN_ASHI_BEARISH_1M_ATM,SIGNAL(skipped-already-open),"PE NIFTY23950PE @ 7.34 -- Heikin Ashi bearish, no upper wick, price below 50-EMA"
2026-09-01,14:42:00,NIFTY_HEIKIN_ASHI_BEARISH_1M_ATM,SIGNAL,"PE NIFTY23950PE @ 5.33 -- Heikin Ashi bearish, no upper wick, price below 50-EMA"
2026-09-01,14:43:00,NIFTY_HEIKIN_ASHI_BEARISH_1M_ATM,SIGNAL(skipped-already-open),"PE NIFTY23950PE @ 6.69 -- Heikin Ashi bearish, no upper wick, price below 50-EMA"
2026-09-01,14:44:00,NIFTY_HEIKIN_ASHI_BEARISH_1M_ATM,SIGNAL(skipped-already-open),"PE NIFTY23950PE @ 7.39 -- Heikin Ashi bearish, no upper wick, price below 50-EMA"
2026-09-01,14:45:00,NIFTY_HEIKIN_ASHI_BEARISH_1M_ATM,SIGNAL,"PE NIFTY23950PE @ 4.21 -- Heikin Ashi bearish, no upper wick, price below 50-EMA"
2026-09-01,14:46:00,NIFTY_HEIKIN_ASHI_BEARISH_1M_ATM,SIGNAL(skipped-already-open),"PE NIFTY23950PE @ 4.51 -- Heikin Ashi bearish, no upper wick, price below 50-EMA"
2026-09-01,14:47:00,NIFTY_HEIKIN_ASHI_BEARISH_1M_ATM,SIGNAL(skipped-already-open),"PE NIFTY23950PE @ 4.99 -- Heikin Ashi bearish, no upper wick, price below 50-EMA"
2026-09-01,14:48:00,NIFTY_HEIKIN_ASHI_BEARISH_1M_ATM,SIGNAL(skipped-already-open),"PE NIFTY23950PE @ 6.12 -- Heikin Ashi bearish, no upper wick, price below 50-EMA"
2026-09-01,14:48:00,NIFTY_SUPERTREND_CMF_BEARISH_PE,SIGNAL(skipped-already-open),PE NIFTY24150PE @ 185.61 -- NIFTY Supertrend + Money Flow bearish alignment
2026-09-01,14:49:00,NIFTY_HEIKIN_ASHI_BEARISH_1M_ATM,SIGNAL,"PE NIFTY23950PE @ 4.47 -- Heikin Ashi bearish, no upper wick, price below 50-EMA"
2026-09-01,14:50:00,NIFTY_HEIKIN_ASHI_BEARISH_1M_ATM,SIGNAL,"PE NIFTY24000PE @ 25.55 -- Heikin Ashi bearish, no upper wick, price below 50-EMA"
2026-09-01,14:51:00,NIFTY_HEIKIN_ASHI_BEARISH_1M_ATM,SIGNAL(skipped-already-open),"PE NIFTY24000PE @ 21.46 -- Heikin Ashi bearish, no upper wick, price below 50-EMA"
2026-09-01,14:52:00,NIFTY_HEIKIN_ASHI_BEARISH_1M_ATM,SIGNAL(skipped-already-open),"PE NIFTY24000PE @ 24.29 -- Heikin Ashi bearish, no upper wick, price below 50-EMA"
2026-09-01,14:53:00,NIFTY_HEIKIN_ASHI_BEARISH_1M_ATM,SIGNAL(skipped-already-open),"PE NIFTY24000PE @ 25.72 -- Heikin Ashi bearish, no upper wick, price below 50-EMA"
2026-09-01,14:54:00,NIFTY_HEIKIN_ASHI_BEARISH_1M_ATM,SIGNAL(skipped-already-open),"PE NIFTY24000PE @ 23.19 -- Heikin Ashi bearish, no upper wick, price below 50-EMA"
2026-09-01,14:55:00,NIFTY_HEIKIN_ASHI_BEARISH_1M_ATM,SIGNAL,"PE NIFTY24000PE @ 18.57 -- Heikin Ashi bearish, no upper wick, price below 50-EMA"
2026-09-01,14:56:00,NIFTY_HEIKIN_ASHI_BEARISH_1M_ATM,SIGNAL(skipped-already-open),"PE NIFTY24000PE @ 19.93 -- Heikin Ashi bearish, no upper wick, price below 50-EMA"
2026-09-01,14:57:00,NIFTY_HEIKIN_ASHI_BEARISH_1M_ATM,SIGNAL(skipped-already-open),"PE NIFTY24000PE @ 22.94 -- Heikin Ashi bearish, no upper wick, price below 50-EMA"
2026-09-01,14:58:00,NIFTY_HEIKIN_ASHI_BEARISH_1M_ATM,SIGNAL(skipped-already-open),"PE NIFTY24000PE @ 20.75 -- Heikin Ashi bearish, no upper wick, price below 50-EMA"
2026-09-01,14:59:00,NIFTY_HEIKIN_ASHI_BEARISH_1M_ATM,SIGNAL(skipped-already-open),"PE NIFTY24000PE @ 22.77 -- Heikin Ashi bearish, no upper wick, price below 50-EMA"
2026-09-01,15:03:00,NIFTY_SUPERTREND_CMF_BEARISH_PE,SIGNAL,PE NIFTY24150PE @ 180.41 -- NIFTY Supertrend + Money Flow bearish alignment
2026-09-01,15:18:00,NIFTY_SUPERTREND_CMF_BEARISH_PE,SIGNAL,PE NIFTY24200PE @ 219.41 -- NIFTY Supertrend + Money Flow bearish alignment
2026-09-02,09:25:00,NIFTY_HEIKIN_ASHI_BEARISH_5M_ITM,SIGNAL,PE NIFTY23900PE @ 201.97 -- 5m Heikin-Ashi bearish continuation below 1H 50-EMA
2026-09-02,09:25:00,NIFTY_SUPERTREND_CMF_BEARISH_PE,SIGNAL,PE NIFTY23900PE @ 201.97 -- NIFTY Supertrend + Money Flow bearish alignment
2026-09-02,09:40:00,NIFTY_SUPERTREND_CMF_BEARISH_PE,SIGNAL(skipped-already-open),PE NIFTY23900PE @ 190.36 -- NIFTY Supertrend + Money Flow bearish alignment
2026-09-02,09:45:00,NIFTY_HEIKIN_ASHI_BEARISH_1M_ATM,SIGNAL,"PE NIFTY23850PE @ 164.42 -- Heikin Ashi bearish, no upper wick, price below 50-EMA"
2026-09-02,09:46:00,NIFTY_HEIKIN_ASHI_BEARISH_1M_ATM,SIGNAL(skipped-already-open),"PE NIFTY23850PE @ 166.90 -- Heikin Ashi bearish, no upper wick, price below 50-EMA"
2026-09-02,09:47:00,NIFTY_HEIKIN_ASHI_BEARISH_1M_ATM,SIGNAL(skipped-already-open),"PE NIFTY23850PE @ 169.11 -- Heikin Ashi bearish, no upper wick, price below 50-EMA"
2026-09-02,09:48:00,NIFTY_HEIKIN_ASHI_BEARISH_1M_ATM,SIGNAL(skipped-already-open),"PE NIFTY23850PE @ 166.58 -- Heikin Ashi bearish, no upper wick, price below 50-EMA"
2026-09-02,09:49:00,NIFTY_HEIKIN_ASHI_BEARISH_1M_ATM,SIGNAL(skipped-already-open),"PE NIFTY23850PE @ 164.32 -- Heikin Ashi bearish, no upper wick, price below 50-EMA"
2026-09-02,09:50:00,NIFTY_HEIKIN_ASHI_BEARISH_1M_ATM,SIGNAL(skipped-already-open),"PE NIFTY23850PE @ 159.48 -- Heikin Ashi bearish, no upper wick, price below 50-EMA"
2026-09-02,09:51:00,NIFTY_HEIKIN_ASHI_BEARISH_1M_ATM,SIGNAL(skipped-already-open),"PE NIFTY23850PE @ 164.37 -- Heikin Ashi bearish, no upper wick, price below 50-EMA"
2026-09-02,09:52:00,NIFTY_HEIKIN_ASHI_BEARISH_1M_ATM,SIGNAL(skipped-already-open),"PE NIFTY23850PE @ 166.17 -- Heikin Ashi bearish, no upper wick, price below 50-EMA"
2026-09-02,09:53:00,NIFTY_HEIKIN_ASHI_BEARISH_1M_ATM,SIGNAL(skipped-already-open),"PE NIFTY23850PE @ 165.29 -- Heikin Ashi bearish, no upper wick, price below 50-EMA"
2026-09-02,09:54:00,NIFTY_HEIKIN_ASHI_BEARISH_1M_ATM,SIGNAL(skipped-already-open),"PE NIFTY23850PE @ 166.58 -- Heikin Ashi bearish, no upper wick, price below 50-EMA"
2026-09-02,09:55:00,NIFTY_HEIKIN_ASHI_BEARISH_1M_ATM,SIGNAL(skipped-already-open),"PE NIFTY23850PE @ 164.90 -- Heikin Ashi bearish, no upper wick, price below 50-EMA"
2026-09-02,09:55:00,NIFTY_SUPERTREND_CMF_BEARISH_PE,SIGNAL(skipped-already-open),PE NIFTY23900PE @ 190.68 -- NIFTY Supertrend + Money Flow bearish alignment
2026-09-02,09:56:00,NIFTY_HEIKIN_ASHI_BEARISH_1M_ATM,SIGNAL(skipped-already-open),"PE NIFTY23850PE @ 161.31 -- Heikin Ashi bearish, no upper wick, price below 50-EMA"
2026-09-02,09:57:00,NIFTY_HEIKIN_ASHI_BEARISH_1M_ATM,SIGNAL(skipped-already-open),"PE NIFTY23850PE @ 162.03 -- Heikin Ashi bearish, no upper wick, price below 50-EMA"
2026-09-02,09:58:00,NIFTY_HEIKIN_ASHI_BEARISH_1M_ATM,SIGNAL(skipped-already-open),"PE NIFTY23850PE @ 156.64 -- Heikin Ashi bearish, no upper wick, price below 50-EMA"
2026-09-02,09:59:00,NIFTY_HEIKIN_ASHI_BEARISH_1M_ATM,SIGNAL(skipped-already-open),"PE NIFTY23850PE @ 156.85 -- Heikin Ashi bearish, no upper wick, price below 50-EMA"
2026-09-02,10:00:00,NIFTY_HEIKIN_ASHI_BEARISH_1M_ATM,SIGNAL(skipped-already-open),"PE NIFTY23850PE @ 158.60 -- Heikin Ashi bearish, no upper wick, price below 50-EMA"
2026-09-02,10:01:00,NIFTY_HEIKIN_ASHI_BEARISH_1M_ATM,SIGNAL(skipped-already-open),"PE NIFTY23850PE @ 157.35 -- Heikin Ashi bearish, no upper wick, price below 50-EMA"
2026-09-02,10:02:00,NIFTY_HEIKIN_ASHI_BEARISH_1M_ATM,SIGNAL(skipped-already-open),"PE NIFTY23850PE @ 155.91 -- Heikin Ashi bearish, no upper wick, price below 50-EMA"
2026-09-02,10:03:00,NIFTY_HEIKIN_ASHI_BEARISH_1M_ATM,SIGNAL(skipped-already-open),"PE NIFTY23850PE @ 155.66 -- Heikin Ashi bearish, no upper wick, price below 50-EMA"
2026-09-02,10:04:00,NIFTY_HEIKIN_ASHI_BEARISH_1M_ATM,SIGNAL(skipped-already-open),"PE NIFTY23850PE @ 155.80 -- Heikin Ashi bearish, no upper wick, price below 50-EMA"
2026-09-02,10:05:00,NIFTY_HEIKIN_ASHI_BEARISH_1M_ATM,SIGNAL(skipped-already-open),"PE NIFTY23850PE @ 154.70 -- Heikin Ashi bearish, no upper wick, price below 50-EMA"
2026-09-02,10:06:00,NIFTY_HEIKIN_ASHI_BEARISH_1M_ATM,SIGNAL(skipped-already-open),"PE NIFTY23850PE @ 153.96 -- Heikin Ashi bearish, no upper wick, price below 50-EMA"
2026-09-02,10:07:00,NIFTY_HEIKIN_ASHI_BEARISH_1M_ATM,SIGNAL(skipped-already-open),"PE NIFTY23850PE @ 152.48 -- Heikin Ashi bearish, no upper wick, price below 50-EMA"
2026-09-02,10:08:00,NIFTY_HEIKIN_ASHI_BEARISH_1M_ATM,SIGNAL(skipped-already-open),"PE NIFTY23850PE @ 157.82 -- Heikin Ashi bearish, no upper wick, price below 50-EMA"
2026-09-02,10:09:00,NIFTY_HEIKIN_ASHI_BEARISH_1M_ATM,SIGNAL(skipped-already-open),"PE NIFTY23850PE @ 158.22 -- Heikin Ashi bearish, no upper wick, price below 50-EMA"
2026-09-02,10:10:00,NIFTY_HEIKIN_ASHI_BEARISH_1M_ATM,SIGNAL(skipped-already-open),"PE NIFTY23850PE @ 157.87 -- Heikin Ashi bearish, no upper wick, price below 50-EMA"
2026-09-02,10:10:00,NIFTY_SUPERTREND_CMF_BEARISH_PE,SIGNAL(skipped-already-open),PE NIFTY23950PE @ 210.36 -- NIFTY Supertrend + Money Flow bearish alignment
2026-09-02,10:11:00,NIFTY_HEIKIN_ASHI_BEARISH_1M_ATM,SIGNAL(skipped-already-open),"PE NIFTY23850PE @ 162.03 -- Heikin Ashi bearish, no upper wick, price below 50-EMA"
2026-09-02,10:12:00,NIFTY_HEIKIN_ASHI_BEARISH_1M_ATM,SIGNAL(skipped-already-open),"PE NIFTY23850PE @ 158.34 -- Heikin Ashi bearish, no upper wick, price below 50-EMA"
2026-09-02,10:13:00,NIFTY_HEIKIN_ASHI_BEARISH_1M_ATM,SIGNAL(skipped-already-open),"PE NIFTY23850PE @ 155.00 -- Heikin Ashi bearish, no upper wick, price below 50-EMA"
2026-09-02,10:14:00,NIFTY_HEIKIN_ASHI_BEARISH_1M_ATM,SIGNAL(skipped-already-open),"PE NIFTY23850PE @ 158.13 -- Heikin Ashi bearish, no upper wick, price below 50-EMA"
2026-09-02,10:25:00,NIFTY_SUPERTREND_CMF_BEARISH_PE,SIGNAL(skipped-already-open),PE NIFTY23950PE @ 196.69 -- NIFTY Supertrend + Money Flow bearish alignment
2026-09-02,10:30:00,NIFTY_ORB_BULLISH_1M_ATM,SIGNAL,CE NIFTY23900CE @ 177.18 -- ORB breakout above opening range high 23883.0
2026-09-02,10:34:00,NIFTY_RESISTANCE_REJECTION_5M_ITM,SIGNAL,PE NIFTY23950PE @ 192.63 -- 5m resistance rejection off 20-EMA (23882.9) in 1H downtrend
2026-09-02,10:40:00,NIFTY_SUPERTREND_CMF_BEARISH_PE,SIGNAL(skipped-already-open),PE NIFTY23950PE @ 199.30 -- NIFTY Supertrend + Money Flow bearish alignment
2026-09-02,10:45:00,NIFTY_HEIKIN_ASHI_BEARISH_5M_ITM,SIGNAL(skipped-already-open),PE NIFTY23950PE @ 203.40 -- 5m Heikin-Ashi bearish continuation below 1H 50-EMA
2026-09-02,10:55:00,NIFTY_SUPERTREND_CMF_BEARISH_PE,SIGNAL(skipped-already-open),PE NIFTY23950PE @ 205.56 -- NIFTY Supertrend + Money Flow bearish alignment
2026-09-02,11:05:00,NIFTY_HEIKIN_ASHI_BEARISH_5M_ITM,SIGNAL(skipped-already-open),PE NIFTY23900PE @ 189.96 -- 5m Heikin-Ashi bearish continuation below 1H 50-EMA
2026-09-02,11:10:00,NIFTY_SUPERTREND_CMF_BEARISH_PE,SIGNAL(skipped-already-open),PE NIFTY23900PE @ 191.69 -- NIFTY Supertrend + Money Flow bearish alignment
2026-09-02,11:15:00,NIFTY_HEIKIN_ASHI_BEARISH_1M_ATM,SIGNAL(skipped-already-open),"PE NIFTY23850PE @ 166.32 -- Heikin Ashi bearish, no upper wick, price below 50-EMA"
2026-09-02,11:16:00,NIFTY_HEIKIN_ASHI_BEARISH_1M_ATM,SIGNAL(skipped-already-open),"PE NIFTY23850PE @ 167.64 -- Heikin Ashi bearish, no upper wick, price below 50-EMA"
2026-09-02,11:17:00,NIFTY_HEIKIN_ASHI_BEARISH_1M_ATM,SIGNAL(skipped-already-open),"PE NIFTY23850PE @ 167.32 -- Heikin Ashi bearish, no upper wick, price below 50-EMA"
2026-09-02,11:18:00,NIFTY_HEIKIN_ASHI_BEARISH_1M_ATM,SIGNAL(skipped-already-open),"PE NIFTY23850PE @ 162.99 -- Heikin Ashi bearish, no upper wick, price below 50-EMA"
2026-09-02,11:19:00,NIFTY_HEIKIN_ASHI_BEARISH_1M_ATM,SIGNAL(skipped-already-open),"PE NIFTY23850PE @ 164.52 -- Heikin Ashi bearish, no upper wick, price below 50-EMA"
2026-09-02,11:20:00,NIFTY_HEIKIN_ASHI_BEARISH_1M_ATM,SIGNAL(skipped-already-open),"PE NIFTY23850PE @ 165.05 -- Heikin Ashi bearish, no upper wick, price below 50-EMA"
2026-09-02,11:21:00,NIFTY_HEIKIN_ASHI_BEARISH_1M_ATM,SIGNAL(skipped-already-open),"PE NIFTY23850PE @ 165.29 -- Heikin Ashi bearish, no upper wick, price below 50-EMA"
2026-09-02,11:22:00,NIFTY_HEIKIN_ASHI_BEARISH_1M_ATM,SIGNAL(skipped-already-open),"PE NIFTY23850PE @ 168.06 -- Heikin Ashi bearish, no upper wick, price below 50-EMA"
2026-09-02,11:23:00,NIFTY_HEIKIN_ASHI_BEARISH_1M_ATM,SIGNAL(skipped-already-open),"PE NIFTY23850PE @ 167.76 -- Heikin Ashi bearish, no upper wick, price below 50-EMA"
2026-09-02,11:24:00,NIFTY_HEIKIN_ASHI_BEARISH_1M_ATM,SIGNAL(skipped-already-open),"PE NIFTY23800PE @ 145.53 -- Heikin Ashi bearish, no upper wick, price below 50-EMA"
2026-09-02,11:25:00,NIFTY_HEIKIN_ASHI_BEARISH_1M_ATM,SIGNAL(skipped-already-open),"PE NIFTY23800PE @ 145.69 -- Heikin Ashi bearish, no upper wick, price below 50-EMA"
2026-09-02,11:25:00,NIFTY_SUPERTREND_CMF_BEARISH_PE,SIGNAL,PE NIFTY23900PE @ 195.80 -- NIFTY Supertrend + Money Flow bearish alignment
2026-09-02,11:26:00,NIFTY_HEIKIN_ASHI_BEARISH_1M_ATM,SIGNAL(skipped-already-open),"PE NIFTY23800PE @ 146.63 -- Heikin Ashi bearish, no upper wick, price below 50-EMA"
2026-09-02,11:27:00,NIFTY_HEIKIN_ASHI_BEARISH_1M_ATM,SIGNAL(skipped-already-open),"PE NIFTY23800PE @ 146.79 -- Heikin Ashi bearish, no upper wick, price below 50-EMA"
2026-09-02,11:28:00,NIFTY_HEIKIN_ASHI_BEARISH_1M_ATM,SIGNAL(skipped-already-open),"PE NIFTY23800PE @ 146.12 -- Heikin Ashi bearish, no upper wick, price below 50-EMA"
2026-09-02,11:29:00,NIFTY_HEIKIN_ASHI_BEARISH_1M_ATM,SIGNAL(skipped-already-open),"PE NIFTY23800PE @ 147.94 -- Heikin Ashi bearish, no upper wick, price below 50-EMA"
2026-09-02,11:30:00,NIFTY_HEIKIN_ASHI_BEARISH_1M_ATM,SIGNAL(skipped-already-open),"PE NIFTY23800PE @ 147.74 -- Heikin Ashi bearish, no upper wick, price below 50-EMA"
2026-09-02,11:30:00,NIFTY_HEIKIN_ASHI_BEARISH_5M_ITM,SIGNAL,PE NIFTY23900PE @ 198.27 -- 5m Heikin-Ashi bearish continuation below 1H 50-EMA
2026-09-02,11:31:00,NIFTY_HEIKIN_ASHI_BEARISH_1M_ATM,SIGNAL(skipped-already-open),"PE NIFTY23800PE @ 148.42 -- Heikin Ashi bearish, no upper wick, price below 50-EMA"
2026-09-02,11:32:00,NIFTY_HEIKIN_ASHI_BEARISH_1M_ATM,SIGNAL(skipped-already-open),"PE NIFTY23800PE @ 149.31 -- Heikin Ashi bearish, no upper wick, price below 50-EMA"
2026-09-02,11:33:00,NIFTY_HEIKIN_ASHI_BEARISH_1M_ATM,SIGNAL(skipped-already-open),"PE NIFTY23800PE @ 151.55 -- Heikin Ashi bearish, no upper wick, price below 50-EMA"
2026-09-02,11:34:00,NIFTY_HEIKIN_ASHI_BEARISH_1M_ATM,SIGNAL(skipped-already-open),"PE NIFTY23800PE @ 150.52 -- Heikin Ashi bearish, no upper wick, price below 50-EMA"
2026-09-02,11:35:00,NIFTY_HEIKIN_ASHI_BEARISH_1M_ATM,SIGNAL(skipped-already-open),"PE NIFTY23800PE @ 150.95 -- Heikin Ashi bearish, no upper wick, price below 50-EMA"
2026-09-02,11:36:00,NIFTY_HEIKIN_ASHI_BEARISH_1M_ATM,SIGNAL(skipped-already-open),"PE NIFTY23800PE @ 151.62 -- Heikin Ashi bearish, no upper wick, price below 50-EMA"
2026-09-02,11:37:00,NIFTY_HEIKIN_ASHI_BEARISH_1M_ATM,SIGNAL(skipped-already-open),"PE NIFTY23800PE @ 152.29 -- Heikin Ashi bearish, no upper wick, price below 50-EMA"
2026-09-02,11:38:00,NIFTY_HEIKIN_ASHI_BEARISH_1M_ATM,SIGNAL(skipped-already-open),"PE NIFTY23800PE @ 151.27 -- Heikin Ashi bearish, no upper wick, price below 50-EMA"
2026-09-02,11:39:00,NIFTY_HEIKIN_ASHI_BEARISH_1M_ATM,SIGNAL(skipped-already-open),"PE NIFTY23800PE @ 148.80 -- Heikin Ashi bearish, no upper wick, price below 50-EMA"
2026-09-02,11:40:00,NIFTY_HEIKIN_ASHI_BEARISH_1M_ATM,SIGNAL(skipped-already-open),"PE NIFTY23800PE @ 150.70 -- Heikin Ashi bearish, no upper wick, price below 50-EMA"
2026-09-02,11:40:00,NIFTY_SUPERTREND_CMF_BEARISH_PE,SIGNAL(skipped-already-open),PE NIFTY23900PE @ 201.84 -- NIFTY Supertrend + Money Flow bearish alignment
2026-09-02,11:41:00,NIFTY_HEIKIN_ASHI_BEARISH_1M_ATM,SIGNAL(skipped-already-open),"PE NIFTY23800PE @ 152.12 -- Heikin Ashi bearish, no upper wick, price below 50-EMA"
2026-09-02,11:42:00,NIFTY_HEIKIN_ASHI_BEARISH_1M_ATM,SIGNAL(skipped-already-open),"PE NIFTY23800PE @ 151.59 -- Heikin Ashi bearish, no upper wick, price below 50-EMA"
2026-09-02,11:43:00,NIFTY_HEIKIN_ASHI_BEARISH_1M_ATM,SIGNAL(skipped-already-open),"PE NIFTY23800PE @ 150.36 -- Heikin Ashi bearish, no upper wick, price below 50-EMA"
2026-09-02,11:44:00,NIFTY_HEIKIN_ASHI_BEARISH_1M_ATM,SIGNAL(skipped-already-open),"PE NIFTY23800PE @ 152.01 -- Heikin Ashi bearish, no upper wick, price below 50-EMA"
2026-09-02,11:45:00,NIFTY_HEIKIN_ASHI_BEARISH_1M_ATM,SIGNAL,"PE NIFTY23800PE @ 152.35 -- Heikin Ashi bearish, no upper wick, price below 50-EMA"
2026-09-02,11:46:00,NIFTY_HEIKIN_ASHI_BEARISH_1M_ATM,SIGNAL(skipped-already-open),"PE NIFTY23800PE @ 152.61 -- Heikin Ashi bearish, no upper wick, price below 50-EMA"
2026-09-02,11:47:00,NIFTY_HEIKIN_ASHI_BEARISH_1M_ATM,SIGNAL(skipped-already-open),"PE NIFTY23800PE @ 153.70 -- Heikin Ashi bearish, no upper wick, price below 50-EMA"
2026-09-02,11:48:00,NIFTY_HEIKIN_ASHI_BEARISH_1M_ATM,SIGNAL(skipped-already-open),"PE NIFTY23800PE @ 150.68 -- Heikin Ashi bearish, no upper wick, price below 50-EMA"
2026-09-02,11:49:00,NIFTY_HEIKIN_ASHI_BEARISH_1M_ATM,SIGNAL(skipped-already-open),"PE NIFTY23800PE @ 151.46 -- Heikin Ashi bearish, no upper wick, price below 50-EMA"
2026-09-02,11:50:00,NIFTY_HEIKIN_ASHI_BEARISH_1M_ATM,SIGNAL(skipped-already-open),"PE NIFTY23800PE @ 150.84 -- Heikin Ashi bearish, no upper wick, price below 50-EMA"
2026-09-02,11:50:00,NIFTY_HEIKIN_ASHI_BEARISH_5M_ITM,SIGNAL(skipped-already-open),PE NIFTY23900PE @ 202.00 -- 5m Heikin-Ashi bearish continuation below 1H 50-EMA
2026-09-02,11:51:00,NIFTY_HEIKIN_ASHI_BEARISH_1M_ATM,SIGNAL(skipped-already-open),"PE NIFTY23800PE @ 150.81 -- Heikin Ashi bearish, no upper wick, price below 50-EMA"
2026-09-02,11:52:00,NIFTY_HEIKIN_ASHI_BEARISH_1M_ATM,SIGNAL(skipped-already-open),"PE NIFTY23800PE @ 150.15 -- Heikin Ashi bearish, no upper wick, price below 50-EMA"
2026-09-02,11:53:00,NIFTY_HEIKIN_ASHI_BEARISH_1M_ATM,SIGNAL(skipped-already-open),"PE NIFTY23800PE @ 149.12 -- Heikin Ashi bearish, no upper wick, price below 50-EMA"
2026-09-02,11:54:00,NIFTY_HEIKIN_ASHI_BEARISH_1M_ATM,SIGNAL(skipped-already-open),"PE NIFTY23800PE @ 145.80 -- Heikin Ashi bearish, no upper wick, price below 50-EMA"
2026-09-02,11:55:00,NIFTY_HEIKIN_ASHI_BEARISH_1M_ATM,SIGNAL(skipped-already-open),"PE NIFTY23800PE @ 146.79 -- Heikin Ashi bearish, no upper wick, price below 50-EMA"
2026-09-02,11:55:00,NIFTY_SUPERTREND_CMF_BEARISH_PE,SIGNAL(skipped-already-open),PE NIFTY23900PE @ 197.13 -- NIFTY Supertrend + Money Flow bearish alignment
2026-09-02,11:56:00,NIFTY_HEIKIN_ASHI_BEARISH_1M_ATM,SIGNAL(skipped-already-open),"PE NIFTY23800PE @ 148.76 -- Heikin Ashi bearish, no upper wick, price below 50-EMA"
2026-09-02,11:57:00,NIFTY_HEIKIN_ASHI_BEARISH_1M_ATM,SIGNAL(skipped-already-open),"PE NIFTY23800PE @ 150.33 -- Heikin Ashi bearish, no upper wick, price below 50-EMA"
2026-09-02,11:58:00,NIFTY_HEIKIN_ASHI_BEARISH_1M_ATM,SIGNAL(skipped-already-open),"PE NIFTY23800PE @ 151.57 -- Heikin Ashi bearish, no upper wick, price below 50-EMA"
2026-09-02,11:59:00,NIFTY_HEIKIN_ASHI_BEARISH_1M_ATM,SIGNAL(skipped-already-open),"PE NIFTY23800PE @ 150.97 -- Heikin Ashi bearish, no upper wick, price below 50-EMA"
2026-09-02,12:10:00,NIFTY_HEIKIN_ASHI_BEARISH_5M_ITM,SIGNAL(skipped-already-open),PE NIFTY23900PE @ 199.91 -- 5m Heikin-Ashi bearish continuation below 1H 50-EMA
2026-09-02,12:10:00,NIFTY_SUPERTREND_CMF_BEARISH_PE,SIGNAL(skipped-already-open),PE NIFTY23900PE @ 199.91 -- NIFTY Supertrend + Money Flow bearish alignment
2026-09-02,12:19:00,NIFTY_RESISTANCE_REJECTION_5M_ITM,SIGNAL(skipped-already-open),PE NIFTY23900PE @ 193.81 -- 5m resistance rejection off 20-EMA (23832.0) in 1H downtrend
2026-09-02,12:25:00,NIFTY_SUPERTREND_CMF_BEARISH_PE,SIGNAL(skipped-already-open),PE NIFTY23900PE @ 194.61 -- NIFTY Supertrend + Money Flow bearish alignment
2026-09-02,13:45:00,NIFTY_HEIKIN_ASHI_BEARISH_5M_ITM,SIGNAL,PE NIFTY23950PE @ 196.96 -- 5m Heikin-Ashi bearish continuation below 1H 50-EMA
2026-09-02,13:51:00,NIFTY_RESISTANCE_REJECTION_5M_ITM,SIGNAL,PE NIFTY23950PE @ 208.92 -- 5m resistance rejection off 20-EMA (23860.3) in 1H downtrend
2026-09-02,13:51:00,NIFTY_SUPERTREND_CMF_BEARISH_PE,SIGNAL,PE NIFTY23950PE @ 208.92 -- NIFTY Supertrend + Money Flow bearish alignment
2026-09-02,14:19:00,NIFTY_ORB_BULLISH_1M_ATM,SIGNAL,CE NIFTY23900CE @ 176.30 -- ORB breakout above opening range high 23883.0
2026-08-28,14:55:00,SENSEX_OI_SHORT_SQUEEZE_CE,SIGNAL(warmup-skipped),CE SENSEX77200CE @ 586.18 -- SENSEX OI Short Squeeze breakout
2026-08-28,14:56:00,SENSEX_RESISTANCE_REJECTION_5M_ITM,SIGNAL(warmup-skipped),PE SENSEX77300PE @ 573.97 -- 5m SENSEX resistance rejection off 20-EMA (77170.5) in 1H downtrend
2026-08-28,14:56:00,SENSEX_OI_LONG_UNWINDING_PE,SIGNAL(warmup-skipped),PE SENSEX77200PE @ 523.90 -- SENSEX OI Long Unwinding breakdown
2026-08-28,15:09:00,SENSEX_SUPPORT_BOUNCE_5M_ITM,SIGNAL(warmup-skipped),CE SENSEX77100CE @ 617.02 -- 5m SENSEX support bounce off 20-EMA (77130.4) in 1H uptrend
2026-08-28,15:10:00,SENSEX_OI_SHORT_SQUEEZE_CE,SIGNAL(warmup-skipped),CE SENSEX77200CE @ 572.20 -- SENSEX OI Short Squeeze breakout
2026-08-28,15:20:00,SENSEX_HEIKIN_ASHI_BULLISH_5M_ITM,SIGNAL(warmup-skipped),CE SENSEX77200CE @ 595.16 -- 5m SENSEX Heikin-Ashi bullish trend continuation above 1H 50-EMA
2026-08-28,15:25:00,SENSEX_OI_SHORT_SQUEEZE_CE,SIGNAL(warmup-skipped),CE SENSEX77200CE @ 595.16 -- SENSEX OI Short Squeeze breakout
2026-08-31,09:25:00,SENSEX_HEIKIN_ASHI_BEARISH_5M_ITM,SIGNAL,PE SENSEX77400PE @ 574.44 -- 5m SENSEX Heikin-Ashi bearish continuation below 1H 50-EMA
2026-08-31,09:25:00,SENSEX_BB_SQUEEZE_EXPLOSION_PE,SIGNAL,PE SENSEX77400PE @ 574.44 -- SENSEX Bollinger Squeeze breakdown DOWN
2026-08-31,09:25:00,SENSEX_OI_LONG_UNWINDING_PE,SIGNAL,PE SENSEX77000PE @ 353.43 -- SENSEX OI Long Unwinding breakdown
2026-08-31,09:40:00,SENSEX_HEIKIN_ASHI_BEARISH_5M_ITM,SIGNAL,PE SENSEX77400PE @ 618.92 -- 5m SENSEX Heikin-Ashi bearish continuation below 1H 50-EMA
2026-08-31,09:40:00,SENSEX_BB_SQUEEZE_EXPLOSION_PE,SIGNAL,PE SENSEX77400PE @ 618.92 -- SENSEX Bollinger Squeeze breakdown DOWN
2026-08-31,09:40:00,SENSEX_OI_LONG_UNWINDING_PE,SIGNAL,PE SENSEX77000PE @ 386.83 -- SENSEX OI Long Unwinding breakdown
2026-08-31,09:42:00,SENSEX_ORB_BEARISH_5M_ITM,SIGNAL,PE SENSEX77300PE @ 586.66 -- 5m SENSEX ORB breakdown below morning low 76927.5
2026-08-31,09:55:00,SENSEX_HEIKIN_ASHI_BEARISH_5M_ITM,SIGNAL(skipped-already-open),PE SENSEX77300PE @ 614.76 -- 5m SENSEX Heikin-Ashi bearish continuation below 1H 50-EMA
2026-08-31,09:55:00,SENSEX_BB_SQUEEZE_EXPLOSION_PE,SIGNAL(skipped-already-open),PE SENSEX77300PE @ 614.76 -- SENSEX Bollinger Squeeze breakdown DOWN
2026-08-31,09:55:00,SENSEX_OI_LONG_UNWINDING_PE,SIGNAL(skipped-already-open),PE SENSEX76900PE @ 383.52 -- SENSEX OI Long Unwinding breakdown
2026-08-31,10:09:00,SENSEX_ORB_BEARISH_1M_ATM,SIGNAL,PE SENSEX76900PE @ 375.40 -- ORB breakdown below opening range low 76896.9
2026-08-31,10:10:00,SENSEX_BB_SQUEEZE_EXPLOSION_PE,SIGNAL,PE SENSEX77300PE @ 629.33 -- SENSEX Bollinger Squeeze breakdown DOWN
2026-08-31,10:10:00,SENSEX_OI_LONG_UNWINDING_PE,SIGNAL,PE SENSEX76800PE @ 345.94 -- SENSEX OI Long Unwinding breakdown
2026-08-31,10:20:00,SENSEX_HEIKIN_ASHI_BEARISH_5M_ITM,SIGNAL,PE SENSEX77200PE @ 589.29 -- 5m SENSEX Heikin-Ashi bearish continuation below 1H 50-EMA
2026-08-31,10:25:00,SENSEX_BB_SQUEEZE_EXPLOSION_PE,SIGNAL(skipped-already-open),PE SENSEX77200PE @ 592.33 -- SENSEX Bollinger Squeeze breakdown DOWN
2026-08-31,10:25:00,SENSEX_OI_LONG_UNWINDING_PE,SIGNAL(skipped-already-open),PE SENSEX76800PE @ 366.50 -- SENSEX OI Long Unwinding breakdown
2026-08-31,10:40:00,SENSEX_BB_SQUEEZE_EXPLOSION_PE,SIGNAL,PE SENSEX77200PE @ 616.11 -- SENSEX Bollinger Squeeze breakdown DOWN
2026-08-31,10:40:00,SENSEX_OI_LONG_UNWINDING_PE,SIGNAL,PE SENSEX76800PE @ 384.39 -- SENSEX OI Long Unwinding breakdown
2026-08-31,10:55:00,SENSEX_HEIKIN_ASHI_BEARISH_5M_ITM,SIGNAL(skipped-already-open),PE SENSEX77200PE @ 602.75 -- 5m SENSEX Heikin-Ashi bearish continuation below 1H 50-EMA
2026-08-31,10:55:00,SENSEX_BB_SQUEEZE_EXPLOSION_PE,SIGNAL(skipped-already-open),PE SENSEX77200PE @ 602.75 -- SENSEX Bollinger Squeeze breakdown DOWN
2026-08-31,10:55:00,SENSEX_OI_LONG_UNWINDING_PE,SIGNAL(skipped-already-open),PE SENSEX76800PE @ 374.32 -- SENSEX OI Long Unwinding breakdown
2026-08-31,11:10:00,SENSEX_BB_SQUEEZE_EXPLOSION_PE,SIGNAL(skipped-already-open),PE SENSEX77200PE @ 605.57 -- SENSEX Bollinger Squeeze breakdown DOWN
2026-08-31,11:10:00,SENSEX_OI_LONG_UNWINDING_PE,SIGNAL(skipped-already-open),PE SENSEX76800PE @ 376.44 -- SENSEX OI Long Unwinding breakdown
2026-08-31,11:15:00,SENSEX_HEIKIN_ASHI_BEARISH_5M_ITM,SIGNAL,PE SENSEX77200PE @ 600.39 -- 5m SENSEX Heikin-Ashi bearish continuation below 1H 50-EMA
2026-08-31,11:25:00,SENSEX_BB_SQUEEZE_EXPLOSION_PE,SIGNAL(skipped-already-open),PE SENSEX77200PE @ 594.86 -- SENSEX Bollinger Squeeze breakdown DOWN
2026-08-31,11:25:00,SENSEX_OI_LONG_UNWINDING_PE,SIGNAL(skipped-already-open),PE SENSEX76800PE @ 368.39 -- SENSEX OI Long Unwinding breakdown
2026-08-31,11:31:00,SENSEX_RESISTANCE_REJECTION_5M_ITM,SIGNAL,PE SENSEX77200PE @ 579.29 -- 5m SENSEX resistance rejection off 20-EMA (76841.0) in 1H downtrend
2026-08-31,11:34:00,SENSEX_OI_SHORT_SQUEEZE_CE,SIGNAL,CE SENSEX76800CE @ 434.03 -- SENSEX OI Short Squeeze breakout
2026-08-31,11:48:00,SENSEX_RESISTANCE_REJECTION_5M_ITM,SIGNAL(skipped-already-open),PE SENSEX77300PE @ 631.14 -- 5m SENSEX resistance rejection off 20-EMA (76843.6) in 1H downtrend
2026-08-31,11:48:00,SENSEX_BB_SQUEEZE_EXPLOSION_PE,SIGNAL(skipped-already-open),PE SENSEX77300PE @ 631.14 -- SENSEX Bollinger Squeeze breakdown DOWN
2026-08-31,11:48:00,SENSEX_OI_LONG_UNWINDING_PE,SIGNAL(skipped-already-open),PE SENSEX76800PE @ 347.20 -- SENSEX OI Long Unwinding breakdown
2026-08-31,11:49:00,SENSEX_OI_SHORT_SQUEEZE_CE,SIGNAL(skipped-already-open),CE SENSEX76900CE @ 401.24 -- SENSEX OI Short Squeeze breakout
2026-08-31,11:54:00,SENSEX_SUPPORT_BOUNCE_1M_ATM,SIGNAL,"CE SENSEX77000CE @ 406.44 -- Support bounce at 20-EMA, Close:76988.6 > EMA:76965.6"
2026-08-31,11:54:00,SENSEX_BB_SQUEEZE_EXPLOSION_CE,SIGNAL,CE SENSEX76700CE @ 577.81 -- SENSEX Bollinger Squeeze breakout UP
2026-08-31,11:55:00,SENSEX_HEIKIN_ASHI_BULLISH_5M_ITM,SIGNAL,CE SENSEX76700CE @ 598.02 -- 5m SENSEX Heikin-Ashi bullish trend continuation above 1H 50-EMA
2026-08-31,11:56:00,SENSEX_ORB_BULLISH_5M_ITM,SIGNAL,CE SENSEX76700CE @ 617.21 -- 5m SENSEX ORB breakout above morning high 77046.6
2026-08-31,12:04:00,SENSEX_OI_SHORT_SQUEEZE_CE,SIGNAL(skipped-already-open),CE SENSEX77000CE @ 416.67 -- SENSEX OI Short Squeeze breakout
2026-08-31,12:19:00,SENSEX_OI_SHORT_SQUEEZE_CE,SIGNAL(skipped-already-open),CE SENSEX77000CE @ 405.44 -- SENSEX OI Short Squeeze breakout
2026-08-31,12:20:00,SENSEX_MACD_BULLISH_1M_ATM,SIGNAL,"CE SENSEX77000CE @ 411.69 -- MACD bullish cross, price above 50-EMA"
2026-08-31,12:20:00,SENSEX_SUPPORT_BOUNCE_1M_ATM,SIGNAL,"CE SENSEX77000CE @ 411.69 -- Support bounce at 20-EMA, Close:76998.8 > EMA:76992.1"
2026-08-31,12:20:00,SENSEX_BB_SQUEEZE_EXPLOSION_CE,SIGNAL,CE SENSEX76700CE @ 584.27 -- SENSEX Bollinger Squeeze breakout UP
2026-08-31,12:21:00,SENSEX_MACD_BULLISH_1M_ATM,SIGNAL(skipped-already-open),"CE SENSEX77000CE @ 413.22 -- MACD bullish cross, price above 50-EMA"
2026-08-31,12:21:00,SENSEX_SUPPORT_BOUNCE_1M_ATM,SIGNAL(skipped-already-open),"CE SENSEX77000CE @ 413.22 -- Support bounce at 20-EMA, Close:77001.7 > EMA:76992.1"
2026-08-31,12:22:00,SENSEX_MACD_BULLISH_1M_ATM,SIGNAL(skipped-already-open),"CE SENSEX77000CE @ 420.42 -- MACD bullish cross, price above 50-EMA"
2026-08-31,12:22:00,SENSEX_SUPPORT_BOUNCE_1M_ATM,SIGNAL(skipped-already-open),"CE SENSEX77000CE @ 420.42 -- Support bounce at 20-EMA, Close:77015.5 > EMA:76992.1"
2026-08-31,12:34:00,SENSEX_OI_SHORT_SQUEEZE_CE,SIGNAL(skipped-already-open),CE SENSEX76900CE @ 436.07 -- SENSEX OI Short Squeeze breakout
2026-08-31,12:35:00,SENSEX_HEIKIN_ASHI_BEARISH_5M_ITM,SIGNAL,PE SENSEX77400PE @ 618.07 -- 5m SENSEX Heikin-Ashi bearish continuation below 1H 50-EMA
2026-08-31,12:40:00,SENSEX_SUPPORT_BOUNCE_1M_ATM,SIGNAL(skipped-already-open),"CE SENSEX77000CE @ 410.88 -- Support bounce at 20-EMA, Close:76997.2 > EMA:76992.1"
2026-08-31,12:40:00,SENSEX_BB_SQUEEZE_EXPLOSION_CE,SIGNAL(skipped-already-open),CE SENSEX76700CE @ 583.27 -- SENSEX Bollinger Squeeze breakout UP
2026-08-31,12:49:00,SENSEX_OI_SHORT_SQUEEZE_CE,SIGNAL(skipped-already-open),CE SENSEX77000CE @ 399.51 -- SENSEX OI Short Squeeze breakout
2026-08-31,12:55:00,SENSEX_BB_SQUEEZE_EXPLOSION_CE,SIGNAL(skipped-already-open),CE SENSEX76700CE @ 584.37 -- SENSEX Bollinger Squeeze breakout UP
2026-08-31,12:58:00,SENSEX_SUPPORT_BOUNCE_1M_ATM,SIGNAL(skipped-already-open),"CE SENSEX77000CE @ 415.06 -- Support bounce at 20-EMA, Close:77005.3 > EMA:76992.1"
2026-08-31,13:04:00,SENSEX_OI_SHORT_SQUEEZE_CE,SIGNAL(skipped-already-open),CE SENSEX77000CE @ 410.39 -- SENSEX OI Short Squeeze breakout
2026-08-31,13:14:00,SENSEX_BB_SQUEEZE_EXPLOSION_CE,SIGNAL(skipped-already-open),CE SENSEX76700CE @ 591.58 -- SENSEX Bollinger Squeeze breakout UP
2026-08-31,13:15:00,SENSEX_SUPPORT_BOUNCE_1M_ATM,SIGNAL(skipped-already-open),"CE SENSEX77000CE @ 417.36 -- Support bounce at 20-EMA, Close:77009.6 > EMA:77003.6"
2026-08-31,13:19:00,SENSEX_OI_SHORT_SQUEEZE_CE,SIGNAL(skipped-already-open),CE SENSEX77000CE @ 406.12 -- SENSEX OI Short Squeeze breakout
2026-08-31,13:34:00,SENSEX_OI_SHORT_SQUEEZE_CE,SIGNAL,CE SENSEX77000CE @ 410.20 -- SENSEX OI Short Squeeze breakout
2026-08-31,13:39:00,SENSEX_RESISTANCE_REJECTION_5M_ITM,SIGNAL,PE SENSEX77400PE @ 612.71 -- 5m SENSEX resistance rejection off 20-EMA (76971.1) in 1H downtrend
2026-08-31,13:39:00,SENSEX_BB_SQUEEZE_EXPLOSION_PE,SIGNAL,PE SENSEX77400PE @ 612.71 -- SENSEX Bollinger Squeeze breakdown DOWN
2026-08-31,13:39:00,SENSEX_OI_LONG_UNWINDING_PE,SIGNAL,PE SENSEX77000PE @ 382.13 -- SENSEX OI Long Unwinding breakdown
2026-08-31,13:45:00,SENSEX_HEIKIN_ASHI_BEARISH_5M_ITM,SIGNAL(skipped-already-open),PE SENSEX77400PE @ 628.18 -- 5m SENSEX Heikin-Ashi bearish continuation below 1H 50-EMA
2026-08-31,13:50:00,SENSEX_OI_SHORT_SQUEEZE_CE,SIGNAL(skipped-already-open),CE SENSEX77000CE @ 396.68 -- SENSEX OI Short Squeeze breakout
2026-08-31,13:54:00,SENSEX_BB_SQUEEZE_EXPLOSION_PE,SIGNAL(skipped-already-open),PE SENSEX77400PE @ 623.88 -- SENSEX Bollinger Squeeze breakdown DOWN
2026-08-31,13:54:00,SENSEX_OI_LONG_UNWINDING_PE,SIGNAL(skipped-already-open),PE SENSEX77000PE @ 390.59 -- SENSEX OI Long Unwinding breakdown
2026-08-31,13:59:00,SENSEX_ORB_BEARISH_5M_ITM,SIGNAL,PE SENSEX77300PE @ 580.43 -- 5m SENSEX ORB breakdown below morning low 76927.5
2026-08-31,14:00:00,SENSEX_HEIKIN_ASHI_BEARISH_1M_ATM,SIGNAL,"PE SENSEX76900PE @ 359.67 -- Heikin Ashi bearish, no upper wick, price below 50-EMA"
2026-08-31,14:00:00,SENSEX_HEIKIN_ASHI_BEARISH_5M_ITM,SIGNAL(skipped-already-open),PE SENSEX77300PE @ 583.01 -- 5m SENSEX Heikin-Ashi bearish continuation below 1H 50-EMA
2026-08-31,14:01:00,SENSEX_HEIKIN_ASHI_BEARISH_1M_ATM,SIGNAL(skipped-already-open),"PE SENSEX76900PE @ 367.41 -- Heikin Ashi bearish, no upper wick, price below 50-EMA"
2026-08-31,14:02:00,SENSEX_HEIKIN_ASHI_BEARISH_1M_ATM,SIGNAL(skipped-already-open),"PE SENSEX76900PE @ 363.03 -- Heikin Ashi bearish, no upper wick, price below 50-EMA"
2026-08-31,14:03:00,SENSEX_HEIKIN_ASHI_BEARISH_1M_ATM,SIGNAL(skipped-already-open),"PE SENSEX76900PE @ 372.32 -- Heikin Ashi bearish, no upper wick, price below 50-EMA"
2026-08-31,14:03:00,SENSEX_ORB_BEARISH_1M_ATM,SIGNAL,PE SENSEX76900PE @ 372.32 -- ORB breakdown below opening range low 76896.9
2026-08-31,14:04:00,SENSEX_HEIKIN_ASHI_BEARISH_1M_ATM,SIGNAL(skipped-already-open),"PE SENSEX76900PE @ 381.20 -- Heikin Ashi bearish, no upper wick, price below 50-EMA"
2026-08-31,14:05:00,SENSEX_HEIKIN_ASHI_BEARISH_1M_ATM,SIGNAL(skipped-already-open),"PE SENSEX76800PE @ 344.66 -- Heikin Ashi bearish, no upper wick, price below 50-EMA"
2026-08-31,14:06:00,SENSEX_HEIKIN_ASHI_BEARISH_1M_ATM,SIGNAL(skipped-already-open),"PE SENSEX76900PE @ 377.16 -- Heikin Ashi bearish, no upper wick, price below 50-EMA"
2026-08-31,14:07:00,SENSEX_HEIKIN_ASHI_BEARISH_1M_ATM,SIGNAL(skipped-already-open),"PE SENSEX76900PE @ 371.79 -- Heikin Ashi bearish, no upper wick, price below 50-EMA"
2026-08-31,14:08:00,SENSEX_HEIKIN_ASHI_BEARISH_1M_ATM,SIGNAL(skipped-already-open),"PE SENSEX76900PE @ 374.89 -- Heikin Ashi bearish, no upper wick, price below 50-EMA"
2026-08-31,14:09:00,SENSEX_HEIKIN_ASHI_BEARISH_1M_ATM,SIGNAL(skipped-already-open),"PE SENSEX76900PE @ 387.19 -- Heikin Ashi bearish, no upper wick, price below 50-EMA"
2026-08-31,14:09:00,SENSEX_BB_SQUEEZE_EXPLOSION_PE,SIGNAL(skipped-already-open),PE SENSEX77300PE @ 619.60 -- SENSEX Bollinger Squeeze breakdown DOWN
2026-08-31,14:09:00,SENSEX_OI_LONG_UNWINDING_PE,SIGNAL(skipped-already-open),PE SENSEX76900PE @ 387.19 -- SENSEX OI Long Unwinding breakdown
2026-08-31,14:10:00,SENSEX_HEIKIN_ASHI_BEARISH_1M_ATM,SIGNAL(skipped-already-open),"PE SENSEX76900PE @ 380.49 -- Heikin Ashi bearish, no upper wick, price below 50-EMA"
2026-08-31,14:11:00,SENSEX_HEIKIN_ASHI_BEARISH_1M_ATM,SIGNAL(skipped-already-open),"PE SENSEX76900PE @ 385.42 -- Heikin Ashi bearish, no upper wick, price below 50-EMA"
2026-08-31,14:12:00,SENSEX_HEIKIN_ASHI_BEARISH_1M_ATM,SIGNAL(skipped-already-open),"PE SENSEX76900PE @ 383.19 -- Heikin Ashi bearish, no upper wick, price below 50-EMA"
2026-08-31,14:13:00,SENSEX_HEIKIN_ASHI_BEARISH_1M_ATM,SIGNAL(skipped-already-open),"PE SENSEX76900PE @ 382.53 -- Heikin Ashi bearish, no upper wick, price below 50-EMA"
2026-08-31,14:14:00,SENSEX_HEIKIN_ASHI_BEARISH_1M_ATM,SIGNAL(skipped-already-open),"PE SENSEX76900PE @ 385.83 -- Heikin Ashi bearish, no upper wick, price below 50-EMA"
2026-08-31,14:15:00,SENSEX_HEIKIN_ASHI_BEARISH_1M_ATM,SIGNAL(skipped-already-open),"PE SENSEX76900PE @ 381.67 -- Heikin Ashi bearish, no upper wick, price below 50-EMA"
2026-08-31,14:15:00,SENSEX_HEIKIN_ASHI_BEARISH_5M_ITM,SIGNAL(skipped-already-open),PE SENSEX77300PE @ 612.31 -- 5m SENSEX Heikin-Ashi bearish continuation below 1H 50-EMA
2026-08-31,14:16:00,SENSEX_HEIKIN_ASHI_BEARISH_1M_ATM,SIGNAL(skipped-already-open),"PE SENSEX76900PE @ 376.77 -- Heikin Ashi bearish, no upper wick, price below 50-EMA"
2026-08-31,14:17:00,SENSEX_HEIKIN_ASHI_BEARISH_1M_ATM,SIGNAL(skipped-already-open),"PE SENSEX76900PE @ 379.71 -- Heikin Ashi bearish, no upper wick, price below 50-EMA"
2026-08-31,14:18:00,SENSEX_HEIKIN_ASHI_BEARISH_1M_ATM,SIGNAL(skipped-already-open),"PE SENSEX76900PE @ 377.55 -- Heikin Ashi bearish, no upper wick, price below 50-EMA"
2026-08-31,14:19:00,SENSEX_HEIKIN_ASHI_BEARISH_1M_ATM,SIGNAL(skipped-already-open),"PE SENSEX76900PE @ 383.14 -- Heikin Ashi bearish, no upper wick, price below 50-EMA"
2026-08-31,14:20:00,SENSEX_HEIKIN_ASHI_BEARISH_1M_ATM,SIGNAL(skipped-already-open),"PE SENSEX76800PE @ 345.50 -- Heikin Ashi bearish, no upper wick, price below 50-EMA"
2026-08-31,14:21:00,SENSEX_HEIKIN_ASHI_BEARISH_1M_ATM,SIGNAL(skipped-already-open),"PE SENSEX76800PE @ 344.75 -- Heikin Ashi bearish, no upper wick, price below 50-EMA"
2026-08-31,14:22:00,SENSEX_HEIKIN_ASHI_BEARISH_1M_ATM,SIGNAL(skipped-already-open),"PE SENSEX76800PE @ 352.68 -- Heikin Ashi bearish, no upper wick, price below 50-EMA"
2026-08-31,14:23:00,SENSEX_HEIKIN_ASHI_BEARISH_1M_ATM,SIGNAL(skipped-already-open),"PE SENSEX76800PE @ 351.53 -- Heikin Ashi bearish, no upper wick, price below 50-EMA"
2026-08-31,14:24:00,SENSEX_HEIKIN_ASHI_BEARISH_1M_ATM,SIGNAL(skipped-already-open),"PE SENSEX76800PE @ 353.05 -- Heikin Ashi bearish, no upper wick, price below 50-EMA"
2026-08-31,14:24:00,SENSEX_BB_SQUEEZE_EXPLOSION_PE,SIGNAL(skipped-already-open),PE SENSEX77200PE @ 574.32 -- SENSEX Bollinger Squeeze breakdown DOWN
2026-08-31,14:24:00,SENSEX_OI_LONG_UNWINDING_PE,SIGNAL(skipped-already-open),PE SENSEX76800PE @ 353.05 -- SENSEX OI Long Unwinding breakdown
2026-08-31,14:25:00,SENSEX_HEIKIN_ASHI_BEARISH_1M_ATM,SIGNAL(skipped-already-open),"PE SENSEX76800PE @ 350.14 -- Heikin Ashi bearish, no upper wick, price below 50-EMA"
2026-08-31,14:26:00,SENSEX_HEIKIN_ASHI_BEARISH_1M_ATM,SIGNAL(skipped-already-open),"PE SENSEX76800PE @ 343.98 -- Heikin Ashi bearish, no upper wick, price below 50-EMA"
2026-08-31,14:27:00,SENSEX_HEIKIN_ASHI_BEARISH_1M_ATM,SIGNAL(skipped-already-open),"PE SENSEX76800PE @ 349.41 -- Heikin Ashi bearish, no upper wick, price below 50-EMA"
2026-08-31,14:28:00,SENSEX_HEIKIN_ASHI_BEARISH_1M_ATM,SIGNAL(skipped-already-open),"PE SENSEX76800PE @ 354.46 -- Heikin Ashi bearish, no upper wick, price below 50-EMA"
2026-08-31,14:29:00,SENSEX_HEIKIN_ASHI_BEARISH_1M_ATM,SIGNAL(skipped-already-open),"PE SENSEX76800PE @ 357.00 -- Heikin Ashi bearish, no upper wick, price below 50-EMA"
2026-08-31,14:30:00,SENSEX_HEIKIN_ASHI_BEARISH_1M_ATM,SIGNAL(skipped-already-open),"PE SENSEX76800PE @ 348.10 -- Heikin Ashi bearish, no upper wick, price below 50-EMA"
2026-08-31,14:30:00,SENSEX_HEIKIN_ASHI_BEARISH_5M_ITM,SIGNAL(skipped-already-open),PE SENSEX77200PE @ 567.66 -- 5m SENSEX Heikin-Ashi bearish continuation below 1H 50-EMA
2026-08-31,14:31:00,SENSEX_HEIKIN_ASHI_BEARISH_1M_ATM,SIGNAL(skipped-already-open),"PE SENSEX76900PE @ 391.38 -- Heikin Ashi bearish, no upper wick, price below 50-EMA"
2026-08-31,14:32:00,SENSEX_HEIKIN_ASHI_BEARISH_1M_ATM,SIGNAL(skipped-already-open),"PE SENSEX76900PE @ 387.47 -- Heikin Ashi bearish, no upper wick, price below 50-EMA"
2026-08-31,14:33:00,SENSEX_HEIKIN_ASHI_BEARISH_1M_ATM,SIGNAL(skipped-already-open),"PE SENSEX76900PE @ 388.16 -- Heikin Ashi bearish, no upper wick, price below 50-EMA"
2026-08-31,14:34:00,SENSEX_HEIKIN_ASHI_BEARISH_1M_ATM,SIGNAL(skipped-already-open),"PE SENSEX76900PE @ 383.36 -- Heikin Ashi bearish, no upper wick, price below 50-EMA"
2026-08-31,14:35:00,SENSEX_HEIKIN_ASHI_BEARISH_1M_ATM,SIGNAL(skipped-already-open),"PE SENSEX76900PE @ 383.32 -- Heikin Ashi bearish, no upper wick, price below 50-EMA"
2026-08-31,14:36:00,SENSEX_HEIKIN_ASHI_BEARISH_1M_ATM,SIGNAL(skipped-already-open),"PE SENSEX76900PE @ 386.61 -- Heikin Ashi bearish, no upper wick, price below 50-EMA"
2026-08-31,14:37:00,SENSEX_HEIKIN_ASHI_BEARISH_1M_ATM,SIGNAL(skipped-already-open),"PE SENSEX76900PE @ 386.01 -- Heikin Ashi bearish, no upper wick, price below 50-EMA"
2026-08-31,14:38:00,SENSEX_HEIKIN_ASHI_BEARISH_1M_ATM,SIGNAL(skipped-already-open),"PE SENSEX76900PE @ 379.51 -- Heikin Ashi bearish, no upper wick, price below 50-EMA"
2026-08-31,14:39:00,SENSEX_HEIKIN_ASHI_BEARISH_1M_ATM,SIGNAL,"PE SENSEX76900PE @ 366.10 -- Heikin Ashi bearish, no upper wick, price below 50-EMA"
2026-08-31,14:39:00,SENSEX_BB_SQUEEZE_EXPLOSION_PE,SIGNAL(skipped-already-open),PE SENSEX77300PE @ 591.60 -- SENSEX Bollinger Squeeze breakdown DOWN
2026-08-31,14:39:00,SENSEX_OI_LONG_UNWINDING_PE,SIGNAL(skipped-already-open),PE SENSEX76900PE @ 366.10 -- SENSEX OI Long Unwinding breakdown
2026-08-31,14:40:00,SENSEX_HEIKIN_ASHI_BEARISH_1M_ATM,SIGNAL(skipped-already-open),"PE SENSEX76900PE @ 354.66 -- Heikin Ashi bearish, no upper wick, price below 50-EMA"
2026-08-31,14:40:00,SENSEX_OI_SHORT_SQUEEZE_CE,SIGNAL,CE SENSEX76900CE @ 426.11 -- SENSEX OI Short Squeeze breakout
2026-08-31,14:41:00,SENSEX_HEIKIN_ASHI_BEARISH_1M_ATM,SIGNAL(skipped-already-open),"PE SENSEX76900PE @ 357.03 -- Heikin Ashi bearish, no upper wick, price below 50-EMA"
2026-08-31,14:42:00,SENSEX_HEIKIN_ASHI_BEARISH_1M_ATM,SIGNAL(skipped-already-open),"PE SENSEX77000PE @ 386.63 -- Heikin Ashi bearish, no upper wick, price below 50-EMA"
2026-08-31,14:43:00,SENSEX_HEIKIN_ASHI_BEARISH_1M_ATM,SIGNAL(skipped-already-open),"PE SENSEX77000PE @ 388.24 -- Heikin Ashi bearish, no upper wick, price below 50-EMA"
2026-08-31,14:44:00,SENSEX_HEIKIN_ASHI_BEARISH_1M_ATM,SIGNAL(skipped-already-open),"PE SENSEX76900PE @ 350.82 -- Heikin Ashi bearish, no upper wick, price below 50-EMA"
2026-08-31,14:46:00,SENSEX_SUPPORT_BOUNCE_1M_ATM,SIGNAL,"CE SENSEX77100CE @ 421.34 -- Support bounce at 20-EMA, Close:77116.2 > EMA:76990.8"
2026-08-31,14:46:00,SENSEX_HEIKIN_ASHI_BULLISH_5M_ITM,SIGNAL,CE SENSEX76800CE @ 595.98 -- 5m SENSEX Heikin-Ashi bullish trend continuation above 1H 50-EMA
2026-08-31,14:46:00,SENSEX_ORB_BULLISH_5M_ITM,SIGNAL,CE SENSEX76800CE @ 595.98 -- 5m SENSEX ORB breakout above morning high 77046.6
2026-08-31,14:46:00,SENSEX_BB_SQUEEZE_EXPLOSION_CE,SIGNAL,CE SENSEX76800CE @ 595.98 -- SENSEX Bollinger Squeeze breakout UP
2026-08-31,14:55:00,SENSEX_OI_SHORT_SQUEEZE_CE,SIGNAL(skipped-already-open),CE SENSEX77100CE @ 391.75 -- SENSEX OI Short Squeeze breakout
2026-08-31,15:05:00,SENSEX_BB_SQUEEZE_EXPLOSION_PE,SIGNAL,PE SENSEX77300PE @ 569.58 -- SENSEX Bollinger Squeeze breakdown DOWN
2026-08-31,15:05:00,SENSEX_OI_LONG_UNWINDING_PE,SIGNAL,PE SENSEX76900PE @ 349.67 -- SENSEX OI Long Unwinding breakdown
2026-08-31,15:10:00,SENSEX_HEIKIN_ASHI_BEARISH_5M_ITM,SIGNAL,PE SENSEX77400PE @ 623.87 -- 5m SENSEX Heikin-Ashi bearish continuation below 1H 50-EMA
2026-08-31,15:10:00,SENSEX_OI_SHORT_SQUEEZE_CE,SIGNAL,CE SENSEX77000CE @ 388.74 -- SENSEX OI Short Squeeze breakout
2026-08-31,15:12:00,SENSEX_RESISTANCE_REJECTION_5M_ITM,SIGNAL,PE SENSEX77400PE @ 632.32 -- 5m SENSEX resistance rejection off 20-EMA (76945.3) in 1H downtrend
2026-08-31,15:15:00,SENSEX_ORB_BEARISH_5M_ITM,SIGNAL,PE SENSEX77300PE @ 577.72 -- 5m SENSEX ORB breakdown below morning low 76927.5
2026-08-31,15:20:00,SENSEX_BB_SQUEEZE_EXPLOSION_PE,SIGNAL,PE SENSEX77300PE @ 577.72 -- SENSEX Bollinger Squeeze breakdown DOWN
2026-08-31,15:20:00,SENSEX_OI_LONG_UNWINDING_PE,SIGNAL,PE SENSEX76900PE @ 355.73 -- SENSEX OI Long Unwinding breakdown
2026-08-31,15:25:00,SENSEX_HEIKIN_ASHI_BEARISH_5M_ITM,SIGNAL,PE SENSEX77300PE @ 577.72 -- 5m SENSEX Heikin-Ashi bearish continuation below 1H 50-EMA
2026-08-31,15:28:00,SENSEX_OI_SHORT_SQUEEZE_CE,SIGNAL,CE SENSEX77000CE @ 390.45 -- SENSEX OI Short Squeeze breakout
2026-09-01,09:25:00,SENSEX_BB_SQUEEZE_EXPLOSION_PE,SIGNAL,PE SENSEX77400PE @ 618.13 -- SENSEX Bollinger Squeeze breakdown DOWN
2026-09-01,09:25:00,SENSEX_OI_LONG_UNWINDING_PE,SIGNAL,PE SENSEX76900PE @ 310.35 -- SENSEX OI Long Unwinding breakdown
2026-09-01,09:27:00,SENSEX_RESISTANCE_REJECTION_5M_ITM,SIGNAL,PE SENSEX77400PE @ 594.51 -- 5m SENSEX resistance rejection off 20-EMA (76929.8) in 1H downtrend
2026-09-01,09:29:00,SENSEX_OI_SHORT_SQUEEZE_CE,SIGNAL,CE SENSEX76900CE @ 355.74 -- SENSEX OI Short Squeeze breakout
2026-09-01,09:40:00,SENSEX_BB_SQUEEZE_EXPLOSION_PE,SIGNAL(skipped-already-open),PE SENSEX77400PE @ 635.16 -- SENSEX Bollinger Squeeze breakdown DOWN
2026-09-01,09:40:00,SENSEX_OI_LONG_UNWINDING_PE,SIGNAL(skipped-already-open),PE SENSEX76900PE @ 321.91 -- SENSEX OI Long Unwinding breakdown
2026-09-01,09:43:00,SENSEX_ORB_BEARISH_5M_ITM,SIGNAL,PE SENSEX77300PE @ 580.52 -- 5m SENSEX ORB breakdown below morning low 76852.5
2026-09-01,09:45:00,SENSEX_HEIKIN_ASHI_BEARISH_5M_ITM,SIGNAL,PE SENSEX77300PE @ 588.02 -- 5m SENSEX Heikin-Ashi bearish continuation below 1H 50-EMA
2026-09-01,09:55:00,SENSEX_BB_SQUEEZE_EXPLOSION_PE,SIGNAL(skipped-already-open),PE SENSEX77300PE @ 589.92 -- SENSEX Bollinger Squeeze breakdown DOWN
2026-09-01,09:55:00,SENSEX_OI_LONG_UNWINDING_PE,SIGNAL,PE SENSEX76800PE @ 291.29 -- SENSEX OI Long Unwinding breakdown
2026-09-01,10:00:00,SENSEX_HEIKIN_ASHI_BEARISH_1M_ATM,SIGNAL,"PE SENSEX76800PE @ 301.16 -- Heikin Ashi bearish, no upper wick, price below 50-EMA"
2026-09-01,10:00:00,SENSEX_MACD_BEARISH_1M_ATM,SIGNAL,"PE SENSEX76800PE @ 301.16 -- MACD bearish cross, price below 50-EMA"
2026-09-01,10:00:00,SENSEX_HEIKIN_ASHI_BEARISH_5M_ITM,SIGNAL,PE SENSEX77300PE @ 604.74 -- 5m SENSEX Heikin-Ashi bearish continuation below 1H 50-EMA
2026-09-01,10:01:00,SENSEX_HEIKIN_ASHI_BEARISH_1M_ATM,SIGNAL(skipped-already-open),"PE SENSEX76800PE @ 302.35 -- Heikin Ashi bearish, no upper wick, price below 50-EMA"
2026-09-01,10:01:00,SENSEX_MACD_BEARISH_1M_ATM,SIGNAL(skipped-already-open),"PE SENSEX76800PE @ 302.35 -- MACD bearish cross, price below 50-EMA"
2026-09-01,10:02:00,SENSEX_HEIKIN_ASHI_BEARISH_1M_ATM,SIGNAL(skipped-already-open),"PE SENSEX76800PE @ 297.54 -- Heikin Ashi bearish, no upper wick, price below 50-EMA"
2026-09-01,10:02:00,SENSEX_MACD_BEARISH_1M_ATM,SIGNAL(skipped-already-open),"PE SENSEX76800PE @ 297.54 -- MACD bearish cross, price below 50-EMA"
2026-09-01,10:03:00,SENSEX_HEIKIN_ASHI_BEARISH_1M_ATM,SIGNAL(skipped-already-open),"PE SENSEX76800PE @ 288.59 -- Heikin Ashi bearish, no upper wick, price below 50-EMA"
2026-09-01,10:03:00,SENSEX_MACD_BEARISH_1M_ATM,SIGNAL(skipped-already-open),"PE SENSEX76800PE @ 288.59 -- MACD bearish cross, price below 50-EMA"
2026-09-01,10:04:00,SENSEX_HEIKIN_ASHI_BEARISH_1M_ATM,SIGNAL(skipped-already-open),"PE SENSEX76800PE @ 279.98 -- Heikin Ashi bearish, no upper wick, price below 50-EMA"
2026-09-01,10:04:00,SENSEX_MACD_BEARISH_1M_ATM,SIGNAL(skipped-already-open),"PE SENSEX76800PE @ 279.98 -- MACD bearish cross, price below 50-EMA"
2026-09-01,10:05:00,SENSEX_HEIKIN_ASHI_BEARISH_1M_ATM,SIGNAL(skipped-already-open),"PE SENSEX76800PE @ 281.11 -- Heikin Ashi bearish, no upper wick, price below 50-EMA"
2026-09-01,10:05:00,SENSEX_MACD_BEARISH_1M_ATM,SIGNAL(skipped-already-open),"PE SENSEX76800PE @ 281.11 -- MACD bearish cross, price below 50-EMA"
2026-09-01,10:06:00,SENSEX_HEIKIN_ASHI_BEARISH_1M_ATM,SIGNAL(skipped-already-open),"PE SENSEX76800PE @ 291.52 -- Heikin Ashi bearish, no upper wick, price below 50-EMA"
2026-09-01,10:06:00,SENSEX_MACD_BEARISH_1M_ATM,SIGNAL(skipped-already-open),"PE SENSEX76800PE @ 291.52 -- MACD bearish cross, price below 50-EMA"
2026-09-01,10:07:00,SENSEX_HEIKIN_ASHI_BEARISH_1M_ATM,SIGNAL(skipped-already-open),"PE SENSEX76900PE @ 324.74 -- Heikin Ashi bearish, no upper wick, price below 50-EMA"
2026-09-01,10:07:00,SENSEX_MACD_BEARISH_1M_ATM,SIGNAL(skipped-already-open),"PE SENSEX76900PE @ 324.74 -- MACD bearish cross, price below 50-EMA"
2026-09-01,10:08:00,SENSEX_HEIKIN_ASHI_BEARISH_1M_ATM,SIGNAL(skipped-already-open),"PE SENSEX76800PE @ 286.76 -- Heikin Ashi bearish, no upper wick, price below 50-EMA"
2026-09-01,10:08:00,SENSEX_MACD_BEARISH_1M_ATM,SIGNAL(skipped-already-open),"PE SENSEX76800PE @ 286.76 -- MACD bearish cross, price below 50-EMA"
2026-09-01,10:09:00,SENSEX_HEIKIN_ASHI_BEARISH_1M_ATM,SIGNAL(skipped-already-open),"PE SENSEX76900PE @ 327.26 -- Heikin Ashi bearish, no upper wick, price below 50-EMA"
2026-09-01,10:09:00,SENSEX_MACD_BEARISH_1M_ATM,SIGNAL(skipped-already-open),"PE SENSEX76900PE @ 327.26 -- MACD bearish cross, price below 50-EMA"
2026-09-01,10:10:00,SENSEX_HEIKIN_ASHI_BEARISH_1M_ATM,SIGNAL(skipped-already-open),"PE SENSEX76800PE @ 280.55 -- Heikin Ashi bearish, no upper wick, price below 50-EMA"
2026-09-01,10:10:00,SENSEX_MACD_BEARISH_1M_ATM,SIGNAL(skipped-already-open),"PE SENSEX76800PE @ 280.55 -- MACD bearish cross, price below 50-EMA"
2026-09-01,10:10:00,SENSEX_BB_SQUEEZE_EXPLOSION_PE,SIGNAL,PE SENSEX77300PE @ 573.65 -- SENSEX Bollinger Squeeze breakdown DOWN
2026-09-01,10:10:00,SENSEX_OI_LONG_UNWINDING_PE,SIGNAL(skipped-already-open),PE SENSEX76800PE @ 280.55 -- SENSEX OI Long Unwinding breakdown
2026-09-01,10:11:00,SENSEX_HEIKIN_ASHI_BEARISH_1M_ATM,SIGNAL(skipped-already-open),"PE SENSEX76900PE @ 321.75 -- Heikin Ashi bearish, no upper wick, price below 50-EMA"
2026-09-01,10:11:00,SENSEX_MACD_BEARISH_1M_ATM,SIGNAL(skipped-already-open),"PE SENSEX76900PE @ 321.75 -- MACD bearish cross, price below 50-EMA"
2026-09-01,10:12:00,SENSEX_HEIKIN_ASHI_BEARISH_1M_ATM,SIGNAL(skipped-already-open),"PE SENSEX76900PE @ 318.04 -- Heikin Ashi bearish, no upper wick, price below 50-EMA"
2026-09-01,10:12:00,SENSEX_MACD_BEARISH_1M_ATM,SIGNAL(skipped-already-open),"PE SENSEX76900PE @ 318.04 -- MACD bearish cross, price below 50-EMA"
2026-09-01,10:13:00,SENSEX_HEIKIN_ASHI_BEARISH_1M_ATM,SIGNAL(skipped-already-open),"PE SENSEX76900PE @ 322.05 -- Heikin Ashi bearish, no upper wick, price below 50-EMA"
2026-09-01,10:13:00,SENSEX_MACD_BEARISH_1M_ATM,SIGNAL(skipped-already-open),"PE SENSEX76900PE @ 322.05 -- MACD bearish cross, price below 50-EMA"
2026-09-01,10:14:00,SENSEX_HEIKIN_ASHI_BEARISH_1M_ATM,SIGNAL(skipped-already-open),"PE SENSEX76900PE @ 313.89 -- Heikin Ashi bearish, no upper wick, price below 50-EMA"
2026-09-01,10:14:00,SENSEX_MACD_BEARISH_1M_ATM,SIGNAL(skipped-already-open),"PE SENSEX76900PE @ 313.89 -- MACD bearish cross, price below 50-EMA"
2026-09-01,10:15:00,SENSEX_OI_SHORT_SQUEEZE_CE,SIGNAL,CE SENSEX76900CE @ 337.98 -- SENSEX OI Short Squeeze breakout
2026-09-01,10:30:00,SENSEX_MACD_BULLISH_1M_ATM,SIGNAL,"CE SENSEX77000CE @ 328.79 -- MACD bullish cross, price above 50-EMA"
2026-09-01,10:30:00,SENSEX_SUPPORT_BOUNCE_1M_ATM,SIGNAL,"CE SENSEX77000CE @ 328.79 -- Support bounce at 20-EMA, Close:76991.3 > EMA:76967.9"
2026-09-01,10:30:00,SENSEX_HEIKIN_ASHI_BULLISH_5M_ITM,SIGNAL,CE SENSEX76600CE @ 571.13 -- 5m SENSEX Heikin-Ashi bullish trend continuation above 1H 50-EMA
2026-09-01,10:30:00,SENSEX_BB_SQUEEZE_EXPLOSION_CE,SIGNAL,CE SENSEX76600CE @ 571.13 -- SENSEX Bollinger Squeeze breakout UP
2026-09-01,10:30:00,SENSEX_OI_SHORT_SQUEEZE_CE,SIGNAL(skipped-already-open),CE SENSEX77000CE @ 328.79 -- SENSEX OI Short Squeeze breakout
2026-09-01,10:31:00,SENSEX_MACD_BULLISH_1M_ATM,SIGNAL(skipped-already-open),"CE SENSEX77000CE @ 325.79 -- MACD bullish cross, price above 50-EMA"
2026-09-01,10:32:00,SENSEX_MACD_BULLISH_1M_ATM,SIGNAL(skipped-already-open),"CE SENSEX77000CE @ 330.90 -- MACD bullish cross, price above 50-EMA"
2026-09-01,10:33:00,SENSEX_MACD_BULLISH_1M_ATM,SIGNAL(skipped-already-open),"CE SENSEX77000CE @ 324.68 -- MACD bullish cross, price above 50-EMA"
2026-09-01,10:34:00,SENSEX_MACD_BULLISH_1M_ATM,SIGNAL(skipped-already-open),"CE SENSEX77000CE @ 325.50 -- MACD bullish cross, price above 50-EMA"
2026-09-01,10:35:00,SENSEX_MACD_BULLISH_1M_ATM,SIGNAL(skipped-already-open),"CE SENSEX77000CE @ 318.49 -- MACD bullish cross, price above 50-EMA"
2026-09-01,10:36:00,SENSEX_MACD_BULLISH_1M_ATM,SIGNAL(skipped-already-open),"CE SENSEX77000CE @ 324.64 -- MACD bullish cross, price above 50-EMA"
2026-09-01,10:37:00,SENSEX_MACD_BULLISH_1M_ATM,SIGNAL(skipped-already-open),"CE SENSEX77000CE @ 328.04 -- MACD bullish cross, price above 50-EMA"
2026-09-01,10:38:00,SENSEX_MACD_BULLISH_1M_ATM,SIGNAL(skipped-already-open),"CE SENSEX77000CE @ 329.94 -- MACD bullish cross, price above 50-EMA"
2026-09-01,10:39:00,SENSEX_MACD_BULLISH_1M_ATM,SIGNAL(skipped-already-open),"CE SENSEX77000CE @ 330.55 -- MACD bullish cross, price above 50-EMA"
2026-09-01,10:40:00,SENSEX_MACD_BULLISH_1M_ATM,SIGNAL(skipped-already-open),"CE SENSEX77000CE @ 318.01 -- MACD bullish cross, price above 50-EMA"
2026-09-01,10:42:00,SENSEX_MACD_BULLISH_1M_ATM,SIGNAL(skipped-already-open),"CE SENSEX77000CE @ 320.99 -- MACD bullish cross, price above 50-EMA"
2026-09-01,10:42:00,SENSEX_SUPPORT_BOUNCE_1M_ATM,SIGNAL(skipped-already-open),"CE SENSEX77000CE @ 320.99 -- Support bounce at 20-EMA, Close:76976.0 > EMA:76967.9"
2026-09-01,10:43:00,SENSEX_MACD_BULLISH_1M_ATM,SIGNAL(skipped-already-open),"CE SENSEX77000CE @ 322.33 -- MACD bullish cross, price above 50-EMA"
2026-09-01,10:44:00,SENSEX_MACD_BULLISH_1M_ATM,SIGNAL(skipped-already-open),"CE SENSEX77000CE @ 319.71 -- MACD bullish cross, price above 50-EMA"
2026-09-01,10:45:00,SENSEX_BB_SQUEEZE_EXPLOSION_CE,SIGNAL(skipped-already-open),CE SENSEX76500CE @ 626.34 -- SENSEX Bollinger Squeeze breakout UP
2026-09-01,10:45:00,SENSEX_OI_SHORT_SQUEEZE_CE,SIGNAL(skipped-already-open),CE SENSEX77000CE @ 317.24 -- SENSEX OI Short Squeeze breakout
2026-09-01,10:46:00,SENSEX_SUPPORT_BOUNCE_1M_ATM,SIGNAL(skipped-already-open),"CE SENSEX77000CE @ 320.70 -- Support bounce at 20-EMA, Close:76975.4 > EMA:76967.9"
2026-09-01,10:50:00,SENSEX_SUPPORT_BOUNCE_1M_ATM,SIGNAL(skipped-already-open),"CE SENSEX77000CE @ 334.84 -- Support bounce at 20-EMA, Close:77003.0 > EMA:76967.9"
2026-09-01,11:00:00,SENSEX_HEIKIN_ASHI_BULLISH_5M_ITM,SIGNAL,CE SENSEX76600CE @ 602.09 -- 5m SENSEX Heikin-Ashi bullish trend continuation above 1H 50-EMA
2026-09-01,11:00:00,SENSEX_BB_SQUEEZE_EXPLOSION_CE,SIGNAL,CE SENSEX76600CE @ 602.09 -- SENSEX Bollinger Squeeze breakout UP
2026-09-01,11:00:00,SENSEX_OI_SHORT_SQUEEZE_CE,SIGNAL(skipped-already-open),CE SENSEX77000CE @ 351.52 -- SENSEX OI Short Squeeze breakout
2026-09-01,11:15:00,SENSEX_HEIKIN_ASHI_BULLISH_5M_ITM,SIGNAL(skipped-already-open),CE SENSEX76700CE @ 617.97 -- 5m SENSEX Heikin-Ashi bullish trend continuation above 1H 50-EMA
2026-09-01,11:15:00,SENSEX_BB_SQUEEZE_EXPLOSION_CE,SIGNAL(skipped-already-open),CE SENSEX76700CE @ 617.97 -- SENSEX Bollinger Squeeze breakout UP
2026-09-01,11:15:00,SENSEX_OI_SHORT_SQUEEZE_CE,SIGNAL(skipped-already-open),CE SENSEX77200CE @ 311.92 -- SENSEX OI Short Squeeze breakout
2026-09-01,11:30:00,SENSEX_HEIKIN_ASHI_BULLISH_5M_ITM,SIGNAL(skipped-already-open),CE SENSEX76800CE @ 598.02 -- 5m SENSEX Heikin-Ashi bullish trend continuation above 1H 50-EMA
2026-09-01,11:30:00,SENSEX_BB_SQUEEZE_EXPLOSION_CE,SIGNAL(skipped-already-open),CE SENSEX76800CE @ 598.02 -- SENSEX Bollinger Squeeze breakout UP
2026-09-01,11:30:00,SENSEX_OI_SHORT_SQUEEZE_CE,SIGNAL,CE SENSEX77200CE @ 348.82 -- SENSEX OI Short Squeeze breakout
2026-09-01,11:45:00,SENSEX_BB_SQUEEZE_EXPLOSION_CE,SIGNAL(skipped-already-open),CE SENSEX76700CE @ 624.53 -- SENSEX Bollinger Squeeze breakout UP
2026-09-01,11:45:00,SENSEX_OI_SHORT_SQUEEZE_CE,SIGNAL(skipped-already-open),CE SENSEX77200CE @ 316.37 -- SENSEX OI Short Squeeze breakout
2026-09-01,12:00:00,SENSEX_BB_SQUEEZE_EXPLOSION_CE,SIGNAL(skipped-already-open),CE SENSEX76700CE @ 626.89 -- SENSEX Bollinger Squeeze breakout UP
2026-09-01,12:00:00,SENSEX_OI_SHORT_SQUEEZE_CE,SIGNAL(skipped-already-open),CE SENSEX77200CE @ 317.98 -- SENSEX OI Short Squeeze breakout
2026-09-01,12:10:00,SENSEX_HEIKIN_ASHI_BULLISH_5M_ITM,SIGNAL(skipped-already-open),CE SENSEX76800CE @ 597.20 -- 5m SENSEX Heikin-Ashi bullish trend continuation above 1H 50-EMA
2026-09-01,12:15:00,SENSEX_BB_SQUEEZE_EXPLOSION_CE,SIGNAL(skipped-already-open),CE SENSEX76800CE @ 569.57 -- SENSEX Bollinger Squeeze breakout UP
2026-09-01,12:15:00,SENSEX_OI_SHORT_SQUEEZE_CE,SIGNAL(skipped-already-open),CE SENSEX77200CE @ 327.95 -- SENSEX OI Short Squeeze breakout
2026-09-01,12:30:00,SENSEX_BB_SQUEEZE_EXPLOSION_CE,SIGNAL(skipped-already-open),CE SENSEX76700CE @ 633.52 -- SENSEX Bollinger Squeeze breakout UP
2026-09-01,12:30:00,SENSEX_OI_SHORT_SQUEEZE_CE,SIGNAL(skipped-already-open),CE SENSEX77200CE @ 322.50 -- SENSEX OI Short Squeeze breakout
2026-09-01,12:45:00,SENSEX_BB_SQUEEZE_EXPLOSION_CE,SIGNAL(skipped-already-open),CE SENSEX76700CE @ 628.03 -- SENSEX Bollinger Squeeze breakout UP
2026-09-01,12:45:00,SENSEX_OI_SHORT_SQUEEZE_CE,SIGNAL(skipped-already-open),CE SENSEX77200CE @ 318.76 -- SENSEX OI Short Squeeze breakout
2026-09-01,12:51:00,SENSEX_OI_LONG_UNWINDING_PE,SIGNAL,PE SENSEX77100PE @ 289.50 -- SENSEX OI Long Unwinding breakdown
2026-09-01,13:06:00,SENSEX_OI_LONG_UNWINDING_PE,SIGNAL(skipped-already-open),PE SENSEX77000PE @ 286.32 -- SENSEX OI Long Unwinding breakdown
2026-09-01,13:07:00,SENSEX_HEIKIN_ASHI_BEARISH_5M_ITM,SIGNAL,PE SENSEX77500PE @ 587.47 -- 5m SENSEX Heikin-Ashi bearish continuation below 1H 50-EMA
2026-09-01,13:07:00,SENSEX_BB_SQUEEZE_EXPLOSION_PE,SIGNAL,PE SENSEX77500PE @ 587.47 -- SENSEX Bollinger Squeeze breakdown DOWN
2026-09-01,13:15:00,SENSEX_HEIKIN_ASHI_BEARISH_1M_ATM,SIGNAL,"PE SENSEX76900PE @ 284.49 -- Heikin Ashi bearish, no upper wick, price below 50-EMA"
2026-09-01,13:16:00,SENSEX_HEIKIN_ASHI_BEARISH_1M_ATM,SIGNAL(skipped-already-open),"PE SENSEX76900PE @ 287.74 -- Heikin Ashi bearish, no upper wick, price below 50-EMA"
2026-09-01,13:17:00,SENSEX_HEIKIN_ASHI_BEARISH_1M_ATM,SIGNAL(skipped-already-open),"PE SENSEX76900PE @ 287.19 -- Heikin Ashi bearish, no upper wick, price below 50-EMA"
2026-09-01,13:18:00,SENSEX_HEIKIN_ASHI_BEARISH_1M_ATM,SIGNAL(skipped-already-open),"PE SENSEX76900PE @ 285.26 -- Heikin Ashi bearish, no upper wick, price below 50-EMA"
2026-09-01,13:19:00,SENSEX_HEIKIN_ASHI_BEARISH_1M_ATM,SIGNAL(skipped-already-open),"PE SENSEX77000PE @ 328.32 -- Heikin Ashi bearish, no upper wick, price below 50-EMA"
2026-09-01,13:20:00,SENSEX_HEIKIN_ASHI_BEARISH_1M_ATM,SIGNAL(skipped-already-open),"PE SENSEX77000PE @ 326.90 -- Heikin Ashi bearish, no upper wick, price below 50-EMA"
2026-09-01,13:21:00,SENSEX_HEIKIN_ASHI_BEARISH_1M_ATM,SIGNAL(skipped-already-open),"PE SENSEX77000PE @ 314.34 -- Heikin Ashi bearish, no upper wick, price below 50-EMA"
2026-09-01,13:21:00,SENSEX_OI_LONG_UNWINDING_PE,SIGNAL(skipped-already-open),PE SENSEX77000PE @ 314.34 -- SENSEX OI Long Unwinding breakdown
2026-09-01,13:22:00,SENSEX_HEIKIN_ASHI_BEARISH_1M_ATM,SIGNAL(skipped-already-open),"PE SENSEX77000PE @ 311.32 -- Heikin Ashi bearish, no upper wick, price below 50-EMA"
2026-09-01,13:22:00,SENSEX_HEIKIN_ASHI_BEARISH_5M_ITM,SIGNAL(skipped-already-open),PE SENSEX77500PE @ 619.30 -- 5m SENSEX Heikin-Ashi bearish continuation below 1H 50-EMA
2026-09-01,13:22:00,SENSEX_BB_SQUEEZE_EXPLOSION_PE,SIGNAL(skipped-already-open),PE SENSEX77500PE @ 619.30 -- SENSEX Bollinger Squeeze breakdown DOWN
2026-09-01,13:23:00,SENSEX_HEIKIN_ASHI_BEARISH_1M_ATM,SIGNAL(skipped-already-open),"PE SENSEX77000PE @ 319.02 -- Heikin Ashi bearish, no upper wick, price below 50-EMA"
2026-09-01,13:24:00,SENSEX_HEIKIN_ASHI_BEARISH_1M_ATM,SIGNAL(skipped-already-open),"PE SENSEX77000PE @ 315.71 -- Heikin Ashi bearish, no upper wick, price below 50-EMA"
2026-09-01,13:25:00,SENSEX_HEIKIN_ASHI_BEARISH_1M_ATM,SIGNAL(skipped-already-open),"PE SENSEX77000PE @ 315.56 -- Heikin Ashi bearish, no upper wick, price below 50-EMA"
2026-09-01,13:26:00,SENSEX_HEIKIN_ASHI_BEARISH_1M_ATM,SIGNAL(skipped-already-open),"PE SENSEX77000PE @ 314.78 -- Heikin Ashi bearish, no upper wick, price below 50-EMA"
2026-09-01,13:27:00,SENSEX_HEIKIN_ASHI_BEARISH_1M_ATM,SIGNAL(skipped-already-open),"PE SENSEX77000PE @ 321.32 -- Heikin Ashi bearish, no upper wick, price below 50-EMA"
2026-09-01,13:28:00,SENSEX_HEIKIN_ASHI_BEARISH_1M_ATM,SIGNAL(skipped-already-open),"PE SENSEX76900PE @ 280.49 -- Heikin Ashi bearish, no upper wick, price below 50-EMA"
2026-09-01,13:29:00,SENSEX_HEIKIN_ASHI_BEARISH_1M_ATM,SIGNAL(skipped-already-open),"PE SENSEX77000PE @ 326.78 -- Heikin Ashi bearish, no upper wick, price below 50-EMA"
2026-09-01,13:30:00,SENSEX_HEIKIN_ASHI_BEARISH_1M_ATM,SIGNAL(skipped-already-open),"PE SENSEX77000PE @ 319.62 -- Heikin Ashi bearish, no upper wick, price below 50-EMA"
2026-09-01,13:30:00,SENSEX_MACD_BEARISH_1M_ATM,SIGNAL,"PE SENSEX77000PE @ 319.62 -- MACD bearish cross, price below 50-EMA"
2026-09-01,13:31:00,SENSEX_HEIKIN_ASHI_BEARISH_1M_ATM,SIGNAL(skipped-already-open),"PE SENSEX77000PE @ 307.37 -- Heikin Ashi bearish, no upper wick, price below 50-EMA"
2026-09-01,13:31:00,SENSEX_MACD_BEARISH_1M_ATM,SIGNAL(skipped-already-open),"PE SENSEX77000PE @ 307.37 -- MACD bearish cross, price below 50-EMA"
2026-09-01,13:32:00,SENSEX_HEIKIN_ASHI_BEARISH_1M_ATM,SIGNAL(skipped-already-open),"PE SENSEX77000PE @ 305.13 -- Heikin Ashi bearish, no upper wick, price below 50-EMA"
2026-09-01,13:32:00,SENSEX_MACD_BEARISH_1M_ATM,SIGNAL(skipped-already-open),"PE SENSEX77000PE @ 305.13 -- MACD bearish cross, price below 50-EMA"
2026-09-01,13:33:00,SENSEX_HEIKIN_ASHI_BEARISH_1M_ATM,SIGNAL(skipped-already-open),"PE SENSEX77000PE @ 306.53 -- Heikin Ashi bearish, no upper wick, price below 50-EMA"
2026-09-01,13:33:00,SENSEX_MACD_BEARISH_1M_ATM,SIGNAL(skipped-already-open),"PE SENSEX77000PE @ 306.53 -- MACD bearish cross, price below 50-EMA"
2026-09-01,13:34:00,SENSEX_HEIKIN_ASHI_BEARISH_1M_ATM,SIGNAL(skipped-already-open),"PE SENSEX77000PE @ 309.17 -- Heikin Ashi bearish, no upper wick, price below 50-EMA"
2026-09-01,13:34:00,SENSEX_MACD_BEARISH_1M_ATM,SIGNAL(skipped-already-open),"PE SENSEX77000PE @ 309.17 -- MACD bearish cross, price below 50-EMA"
2026-09-01,13:35:00,SENSEX_HEIKIN_ASHI_BEARISH_1M_ATM,SIGNAL(skipped-already-open),"PE SENSEX77000PE @ 301.30 -- Heikin Ashi bearish, no upper wick, price below 50-EMA"
2026-09-01,13:35:00,SENSEX_MACD_BEARISH_1M_ATM,SIGNAL(skipped-already-open),"PE SENSEX77000PE @ 301.30 -- MACD bearish cross, price below 50-EMA"
2026-09-01,13:36:00,SENSEX_HEIKIN_ASHI_BEARISH_1M_ATM,SIGNAL(skipped-already-open),"PE SENSEX77000PE @ 315.00 -- Heikin Ashi bearish, no upper wick, price below 50-EMA"
2026-09-01,13:36:00,SENSEX_MACD_BEARISH_1M_ATM,SIGNAL(skipped-already-open),"PE SENSEX77000PE @ 315.00 -- MACD bearish cross, price below 50-EMA"
2026-09-01,13:36:00,SENSEX_OI_LONG_UNWINDING_PE,SIGNAL(skipped-already-open),PE SENSEX77000PE @ 315.00 -- SENSEX OI Long Unwinding breakdown
2026-09-01,13:37:00,SENSEX_HEIKIN_ASHI_BEARISH_1M_ATM,SIGNAL(skipped-already-open),"PE SENSEX76900PE @ 282.00 -- Heikin Ashi bearish, no upper wick, price below 50-EMA"
2026-09-01,13:37:00,SENSEX_MACD_BEARISH_1M_ATM,SIGNAL(skipped-already-open),"PE SENSEX76900PE @ 282.00 -- MACD bearish cross, price below 50-EMA"
2026-09-01,13:37:00,SENSEX_BB_SQUEEZE_EXPLOSION_PE,SIGNAL,PE SENSEX77400PE @ 575.59 -- SENSEX Bollinger Squeeze breakdown DOWN
2026-09-01,13:38:00,SENSEX_HEIKIN_ASHI_BEARISH_1M_ATM,SIGNAL(skipped-already-open),"PE SENSEX76900PE @ 285.20 -- Heikin Ashi bearish, no upper wick, price below 50-EMA"
2026-09-01,13:38:00,SENSEX_MACD_BEARISH_1M_ATM,SIGNAL(skipped-already-open),"PE SENSEX76900PE @ 285.20 -- MACD bearish cross, price below 50-EMA"
2026-09-01,13:39:00,SENSEX_HEIKIN_ASHI_BEARISH_1M_ATM,SIGNAL(skipped-already-open),"PE SENSEX76900PE @ 289.64 -- Heikin Ashi bearish, no upper wick, price below 50-EMA"
2026-09-01,13:39:00,SENSEX_MACD_BEARISH_1M_ATM,SIGNAL(skipped-already-open),"PE SENSEX76900PE @ 289.64 -- MACD bearish cross, price below 50-EMA"
2026-09-01,13:40:00,SENSEX_HEIKIN_ASHI_BEARISH_1M_ATM,SIGNAL(skipped-already-open),"PE SENSEX76900PE @ 306.33 -- Heikin Ashi bearish, no upper wick, price below 50-EMA"
2026-09-01,13:40:00,SENSEX_MACD_BEARISH_1M_ATM,SIGNAL(skipped-already-open),"PE SENSEX76900PE @ 306.33 -- MACD bearish cross, price below 50-EMA"
2026-09-01,13:41:00,SENSEX_HEIKIN_ASHI_BEARISH_1M_ATM,SIGNAL(skipped-already-open),"PE SENSEX76900PE @ 312.50 -- Heikin Ashi bearish, no upper wick, price below 50-EMA"
2026-09-01,13:41:00,SENSEX_MACD_BEARISH_1M_ATM,SIGNAL(skipped-already-open),"PE SENSEX76900PE @ 312.50 -- MACD bearish cross, price below 50-EMA"
2026-09-01,13:42:00,SENSEX_HEIKIN_ASHI_BEARISH_1M_ATM,SIGNAL(skipped-already-open),"PE SENSEX76900PE @ 306.05 -- Heikin Ashi bearish, no upper wick, price below 50-EMA"
2026-09-01,13:42:00,SENSEX_MACD_BEARISH_1M_ATM,SIGNAL(skipped-already-open),"PE SENSEX76900PE @ 306.05 -- MACD bearish cross, price below 50-EMA"
2026-09-01,13:43:00,SENSEX_HEIKIN_ASHI_BEARISH_1M_ATM,SIGNAL(skipped-already-open),"PE SENSEX76900PE @ 302.10 -- Heikin Ashi bearish, no upper wick, price below 50-EMA"
2026-09-01,13:43:00,SENSEX_MACD_BEARISH_1M_ATM,SIGNAL(skipped-already-open),"PE SENSEX76900PE @ 302.10 -- MACD bearish cross, price below 50-EMA"
2026-09-01,13:44:00,SENSEX_HEIKIN_ASHI_BEARISH_1M_ATM,SIGNAL(skipped-already-open),"PE SENSEX76900PE @ 296.35 -- Heikin Ashi bearish, no upper wick, price below 50-EMA"
2026-09-01,13:44:00,SENSEX_MACD_BEARISH_1M_ATM,SIGNAL(skipped-already-open),"PE SENSEX76900PE @ 296.35 -- MACD bearish cross, price below 50-EMA"
2026-09-01,13:45:00,SENSEX_HEIKIN_ASHI_BEARISH_1M_ATM,SIGNAL(skipped-already-open),"PE SENSEX76900PE @ 301.46 -- Heikin Ashi bearish, no upper wick, price below 50-EMA"
2026-09-01,13:45:00,SENSEX_HEIKIN_ASHI_BEARISH_5M_ITM,SIGNAL,PE SENSEX77400PE @ 604.91 -- 5m SENSEX Heikin-Ashi bearish continuation below 1H 50-EMA
2026-09-01,13:46:00,SENSEX_HEIKIN_ASHI_BEARISH_1M_ATM,SIGNAL(skipped-already-open),"PE SENSEX76900PE @ 308.12 -- Heikin Ashi bearish, no upper wick, price below 50-EMA"
2026-09-01,13:47:00,SENSEX_HEIKIN_ASHI_BEARISH_1M_ATM,SIGNAL(skipped-already-open),"PE SENSEX76900PE @ 319.74 -- Heikin Ashi bearish, no upper wick, price below 50-EMA"
2026-09-01,13:48:00,SENSEX_HEIKIN_ASHI_BEARISH_1M_ATM,SIGNAL(skipped-already-open),"PE SENSEX76900PE @ 320.20 -- Heikin Ashi bearish, no upper wick, price below 50-EMA"
2026-09-01,13:49:00,SENSEX_HEIKIN_ASHI_BEARISH_1M_ATM,SIGNAL(skipped-already-open),"PE SENSEX76900PE @ 315.42 -- Heikin Ashi bearish, no upper wick, price below 50-EMA"
2026-09-01,13:50:00,SENSEX_HEIKIN_ASHI_BEARISH_1M_ATM,SIGNAL(skipped-already-open),"PE SENSEX76800PE @ 302.92 -- Heikin Ashi bearish, no upper wick, price below 50-EMA"
2026-09-01,13:50:00,SENSEX_ORB_BEARISH_1M_ATM,SIGNAL,PE SENSEX76800PE @ 302.92 -- ORB breakdown below opening range low 76835.8
2026-09-01,13:50:00,SENSEX_ORB_BEARISH_5M_ITM,SIGNAL,PE SENSEX77300PE @ 607.36 -- 5m SENSEX ORB breakdown below morning low 76852.5
2026-09-01,13:51:00,SENSEX_HEIKIN_ASHI_BEARISH_1M_ATM,SIGNAL(skipped-already-open),"PE SENSEX76800PE @ 317.31 -- Heikin Ashi bearish, no upper wick, price below 50-EMA"
2026-09-01,13:51:00,SENSEX_OI_LONG_UNWINDING_PE,SIGNAL,PE SENSEX76800PE @ 317.31 -- SENSEX OI Long Unwinding breakdown
2026-09-01,13:52:00,SENSEX_HEIKIN_ASHI_BEARISH_1M_ATM,SIGNAL(skipped-already-open),"PE SENSEX76800PE @ 310.23 -- Heikin Ashi bearish, no upper wick, price below 50-EMA"
2026-09-01,13:52:00,SENSEX_BB_SQUEEZE_EXPLOSION_PE,SIGNAL(skipped-already-open),PE SENSEX77300PE @ 618.22 -- SENSEX Bollinger Squeeze breakdown DOWN
2026-09-01,13:53:00,SENSEX_HEIKIN_ASHI_BEARISH_1M_ATM,SIGNAL(skipped-already-open),"PE SENSEX76800PE @ 312.39 -- Heikin Ashi bearish, no upper wick, price below 50-EMA"
2026-09-01,13:54:00,SENSEX_HEIKIN_ASHI_BEARISH_1M_ATM,SIGNAL(skipped-already-open),"PE SENSEX76800PE @ 309.88 -- Heikin Ashi bearish, no upper wick, price below 50-EMA"
2026-09-01,13:55:00,SENSEX_HEIKIN_ASHI_BEARISH_1M_ATM,SIGNAL(skipped-already-open),"PE SENSEX76800PE @ 313.32 -- Heikin Ashi bearish, no upper wick, price below 50-EMA"
2026-09-01,13:56:00,SENSEX_HEIKIN_ASHI_BEARISH_1M_ATM,SIGNAL(skipped-already-open),"PE SENSEX76800PE @ 311.18 -- Heikin Ashi bearish, no upper wick, price below 50-EMA"
2026-09-01,13:57:00,SENSEX_HEIKIN_ASHI_BEARISH_1M_ATM,SIGNAL(skipped-already-open),"PE SENSEX76800PE @ 294.25 -- Heikin Ashi bearish, no upper wick, price below 50-EMA"
2026-09-01,13:58:00,SENSEX_HEIKIN_ASHI_BEARISH_1M_ATM,SIGNAL(skipped-already-open),"PE SENSEX76800PE @ 286.07 -- Heikin Ashi bearish, no upper wick, price below 50-EMA"
2026-09-01,13:59:00,SENSEX_HEIKIN_ASHI_BEARISH_1M_ATM,SIGNAL(skipped-already-open),"PE SENSEX76800PE @ 297.70 -- Heikin Ashi bearish, no upper wick, price below 50-EMA"
2026-09-01,14:00:00,SENSEX_HEIKIN_ASHI_BEARISH_1M_ATM,SIGNAL(skipped-already-open),"PE SENSEX76800PE @ 309.99 -- Heikin Ashi bearish, no upper wick, price below 50-EMA"
2026-09-01,14:00:00,SENSEX_HEIKIN_ASHI_BEARISH_5M_ITM,SIGNAL(skipped-already-open),PE SENSEX77300PE @ 617.87 -- 5m SENSEX Heikin-Ashi bearish continuation below 1H 50-EMA
2026-09-01,14:01:00,SENSEX_HEIKIN_ASHI_BEARISH_1M_ATM,SIGNAL(skipped-already-open),"PE SENSEX76800PE @ 307.08 -- Heikin Ashi bearish, no upper wick, price below 50-EMA"
2026-09-01,14:02:00,SENSEX_HEIKIN_ASHI_BEARISH_1M_ATM,SIGNAL(skipped-already-open),"PE SENSEX76800PE @ 321.82 -- Heikin Ashi bearish, no upper wick, price below 50-EMA"
2026-09-01,14:03:00,SENSEX_HEIKIN_ASHI_BEARISH_1M_ATM,SIGNAL(skipped-already-open),"PE SENSEX76700PE @ 281.99 -- Heikin Ashi bearish, no upper wick, price below 50-EMA"
2026-09-01,14:04:00,SENSEX_HEIKIN_ASHI_BEARISH_1M_ATM,SIGNAL(skipped-already-open),"PE SENSEX76800PE @ 324.28 -- Heikin Ashi bearish, no upper wick, price below 50-EMA"
2026-09-01,14:05:00,SENSEX_HEIKIN_ASHI_BEARISH_1M_ATM,SIGNAL(skipped-already-open),"PE SENSEX76800PE @ 325.38 -- Heikin Ashi bearish, no upper wick, price below 50-EMA"
2026-09-01,14:06:00,SENSEX_HEIKIN_ASHI_BEARISH_1M_ATM,SIGNAL(skipped-already-open),"PE SENSEX76700PE @ 283.09 -- Heikin Ashi bearish, no upper wick, price below 50-EMA"
2026-09-01,14:06:00,SENSEX_OI_LONG_UNWINDING_PE,SIGNAL(skipped-already-open),PE SENSEX76700PE @ 283.09 -- SENSEX OI Long Unwinding breakdown
2026-09-01,14:07:00,SENSEX_HEIKIN_ASHI_BEARISH_1M_ATM,SIGNAL(skipped-already-open),"PE SENSEX76700PE @ 290.28 -- Heikin Ashi bearish, no upper wick, price below 50-EMA"
2026-09-01,14:07:00,SENSEX_BB_SQUEEZE_EXPLOSION_PE,SIGNAL,PE SENSEX77200PE @ 588.67 -- SENSEX Bollinger Squeeze breakdown DOWN
2026-09-01,14:08:00,SENSEX_HEIKIN_ASHI_BEARISH_1M_ATM,SIGNAL(skipped-already-open),"PE SENSEX76700PE @ 303.83 -- Heikin Ashi bearish, no upper wick, price below 50-EMA"
2026-09-01,14:09:00,SENSEX_HEIKIN_ASHI_BEARISH_1M_ATM,SIGNAL(skipped-already-open),"PE SENSEX76700PE @ 318.44 -- Heikin Ashi bearish, no upper wick, price below 50-EMA"
2026-09-01,14:10:00,SENSEX_HEIKIN_ASHI_BEARISH_1M_ATM,SIGNAL(skipped-already-open),"PE SENSEX76700PE @ 308.23 -- Heikin Ashi bearish, no upper wick, price below 50-EMA"
2026-09-01,14:11:00,SENSEX_HEIKIN_ASHI_BEARISH_1M_ATM,SIGNAL(skipped-already-open),"PE SENSEX76700PE @ 296.34 -- Heikin Ashi bearish, no upper wick, price below 50-EMA"
2026-09-01,14:12:00,SENSEX_HEIKIN_ASHI_BEARISH_1M_ATM,SIGNAL(skipped-already-open),"PE SENSEX76700PE @ 305.27 -- Heikin Ashi bearish, no upper wick, price below 50-EMA"
2026-09-01,14:13:00,SENSEX_HEIKIN_ASHI_BEARISH_1M_ATM,SIGNAL(skipped-already-open),"PE SENSEX76700PE @ 309.40 -- Heikin Ashi bearish, no upper wick, price below 50-EMA"
2026-09-01,14:14:00,SENSEX_HEIKIN_ASHI_BEARISH_1M_ATM,SIGNAL(skipped-already-open),"PE SENSEX76700PE @ 303.06 -- Heikin Ashi bearish, no upper wick, price below 50-EMA"
2026-09-01,14:15:00,SENSEX_HEIKIN_ASHI_BEARISH_1M_ATM,SIGNAL(skipped-already-open),"PE SENSEX76700PE @ 303.62 -- Heikin Ashi bearish, no upper wick, price below 50-EMA"
2026-09-01,14:15:00,SENSEX_HEIKIN_ASHI_BEARISH_5M_ITM,SIGNAL,PE SENSEX77200PE @ 608.67 -- 5m SENSEX Heikin-Ashi bearish continuation below 1H 50-EMA
2026-09-01,14:16:00,SENSEX_HEIKIN_ASHI_BEARISH_1M_ATM,SIGNAL(skipped-already-open),"PE SENSEX76700PE @ 304.94 -- Heikin Ashi bearish, no upper wick, price below 50-EMA"
2026-09-01,14:17:00,SENSEX_HEIKIN_ASHI_BEARISH_1M_ATM,SIGNAL(skipped-already-open),"PE SENSEX76700PE @ 309.92 -- Heikin Ashi bearish, no upper wick, price below 50-EMA"
2026-09-01,14:18:00,SENSEX_HEIKIN_ASHI_BEARISH_1M_ATM,SIGNAL(skipped-already-open),"PE SENSEX76700PE @ 310.72 -- Heikin Ashi bearish, no upper wick, price below 50-EMA"
2026-09-01,14:19:00,SENSEX_HEIKIN_ASHI_BEARISH_1M_ATM,SIGNAL(skipped-already-open),"PE SENSEX76700PE @ 306.84 -- Heikin Ashi bearish, no upper wick, price below 50-EMA"
2026-09-01,14:20:00,SENSEX_HEIKIN_ASHI_BEARISH_1M_ATM,SIGNAL(skipped-already-open),"PE SENSEX76700PE @ 305.68 -- Heikin Ashi bearish, no upper wick, price below 50-EMA"
2026-09-01,14:21:00,SENSEX_HEIKIN_ASHI_BEARISH_1M_ATM,SIGNAL(skipped-already-open),"PE SENSEX76700PE @ 308.01 -- Heikin Ashi bearish, no upper wick, price below 50-EMA"
2026-09-01,14:21:00,SENSEX_OI_LONG_UNWINDING_PE,SIGNAL,PE SENSEX76700PE @ 308.01 -- SENSEX OI Long Unwinding breakdown
2026-09-01,14:22:00,SENSEX_HEIKIN_ASHI_BEARISH_1M_ATM,SIGNAL(skipped-already-open),"PE SENSEX76700PE @ 319.04 -- Heikin Ashi bearish, no upper wick, price below 50-EMA"
2026-09-01,14:22:00,SENSEX_BB_SQUEEZE_EXPLOSION_PE,SIGNAL,PE SENSEX77200PE @ 631.48 -- SENSEX Bollinger Squeeze breakdown DOWN
2026-09-01,14:23:00,SENSEX_HEIKIN_ASHI_BEARISH_1M_ATM,SIGNAL(skipped-already-open),"PE SENSEX76700PE @ 319.89 -- Heikin Ashi bearish, no upper wick, price below 50-EMA"
2026-09-01,14:24:00,SENSEX_HEIKIN_ASHI_BEARISH_1M_ATM,SIGNAL(skipped-already-open),"PE SENSEX76700PE @ 315.96 -- Heikin Ashi bearish, no upper wick, price below 50-EMA"
2026-09-01,14:25:00,SENSEX_HEIKIN_ASHI_BEARISH_1M_ATM,SIGNAL(skipped-already-open),"PE SENSEX76700PE @ 307.89 -- Heikin Ashi bearish, no upper wick, price below 50-EMA"
2026-09-01,14:26:00,SENSEX_HEIKIN_ASHI_BEARISH_1M_ATM,SIGNAL(skipped-already-open),"PE SENSEX76700PE @ 312.98 -- Heikin Ashi bearish, no upper wick, price below 50-EMA"
2026-09-01,14:27:00,SENSEX_HEIKIN_ASHI_BEARISH_1M_ATM,SIGNAL(skipped-already-open),"PE SENSEX76700PE @ 319.88 -- Heikin Ashi bearish, no upper wick, price below 50-EMA"
2026-09-01,14:28:00,SENSEX_HEIKIN_ASHI_BEARISH_1M_ATM,SIGNAL(skipped-already-open),"PE SENSEX76700PE @ 318.06 -- Heikin Ashi bearish, no upper wick, price below 50-EMA"
2026-09-01,14:29:00,SENSEX_HEIKIN_ASHI_BEARISH_1M_ATM,SIGNAL(skipped-already-open),"PE SENSEX76700PE @ 283.51 -- Heikin Ashi bearish, no upper wick, price below 50-EMA"
2026-09-01,14:30:00,SENSEX_HEIKIN_ASHI_BEARISH_1M_ATM,SIGNAL(skipped-already-open),"PE SENSEX76700PE @ 294.93 -- Heikin Ashi bearish, no upper wick, price below 50-EMA"
2026-09-01,14:31:00,SENSEX_HEIKIN_ASHI_BEARISH_1M_ATM,SIGNAL(skipped-already-open),"PE SENSEX76700PE @ 279.83 -- Heikin Ashi bearish, no upper wick, price below 50-EMA"
2026-09-01,14:32:00,SENSEX_HEIKIN_ASHI_BEARISH_1M_ATM,SIGNAL(skipped-already-open),"PE SENSEX76700PE @ 280.41 -- Heikin Ashi bearish, no upper wick, price below 50-EMA"
2026-09-01,14:33:00,SENSEX_HEIKIN_ASHI_BEARISH_1M_ATM,SIGNAL(skipped-already-open),"PE SENSEX76700PE @ 289.37 -- Heikin Ashi bearish, no upper wick, price below 50-EMA"
2026-09-01,14:34:00,SENSEX_HEIKIN_ASHI_BEARISH_1M_ATM,SIGNAL(skipped-already-open),"PE SENSEX76700PE @ 279.84 -- Heikin Ashi bearish, no upper wick, price below 50-EMA"
2026-09-01,14:35:00,SENSEX_HEIKIN_ASHI_BEARISH_1M_ATM,SIGNAL(skipped-already-open),"PE SENSEX76700PE @ 281.51 -- Heikin Ashi bearish, no upper wick, price below 50-EMA"
2026-09-01,14:36:00,SENSEX_HEIKIN_ASHI_BEARISH_1M_ATM,SIGNAL(skipped-already-open),"PE SENSEX76700PE @ 291.30 -- Heikin Ashi bearish, no upper wick, price below 50-EMA"
2026-09-01,14:36:00,SENSEX_OI_LONG_UNWINDING_PE,SIGNAL(skipped-already-open),PE SENSEX76700PE @ 291.30 -- SENSEX OI Long Unwinding breakdown
2026-09-01,14:37:00,SENSEX_HEIKIN_ASHI_BEARISH_1M_ATM,SIGNAL(skipped-already-open),"PE SENSEX76700PE @ 296.70 -- Heikin Ashi bearish, no upper wick, price below 50-EMA"
2026-09-01,14:37:00,SENSEX_BB_SQUEEZE_EXPLOSION_PE,SIGNAL(skipped-already-open),PE SENSEX77200PE @ 598.33 -- SENSEX Bollinger Squeeze breakdown DOWN
2026-09-01,14:38:00,SENSEX_HEIKIN_ASHI_BEARISH_1M_ATM,SIGNAL(skipped-already-open),"PE SENSEX76700PE @ 292.30 -- Heikin Ashi bearish, no upper wick, price below 50-EMA"
2026-09-01,14:39:00,SENSEX_HEIKIN_ASHI_BEARISH_1M_ATM,SIGNAL(skipped-already-open),"PE SENSEX76700PE @ 298.84 -- Heikin Ashi bearish, no upper wick, price below 50-EMA"
2026-09-01,14:40:00,SENSEX_HEIKIN_ASHI_BEARISH_1M_ATM,SIGNAL(skipped-already-open),"PE SENSEX76700PE @ 312.83 -- Heikin Ashi bearish, no upper wick, price below 50-EMA"
2026-09-01,14:41:00,SENSEX_HEIKIN_ASHI_BEARISH_1M_ATM,SIGNAL(skipped-already-open),"PE SENSEX76700PE @ 305.70 -- Heikin Ashi bearish, no upper wick, price below 50-EMA"
2026-09-01,14:42:00,SENSEX_HEIKIN_ASHI_BEARISH_1M_ATM,SIGNAL(skipped-already-open),"PE SENSEX76700PE @ 295.54 -- Heikin Ashi bearish, no upper wick, price below 50-EMA"
2026-09-01,14:43:00,SENSEX_HEIKIN_ASHI_BEARISH_1M_ATM,SIGNAL(skipped-already-open),"PE SENSEX76700PE @ 302.56 -- Heikin Ashi bearish, no upper wick, price below 50-EMA"
2026-09-01,14:44:00,SENSEX_HEIKIN_ASHI_BEARISH_1M_ATM,SIGNAL(skipped-already-open),"PE SENSEX76700PE @ 305.80 -- Heikin Ashi bearish, no upper wick, price below 50-EMA"
2026-09-01,14:45:00,SENSEX_HEIKIN_ASHI_BEARISH_1M_ATM,SIGNAL(skipped-already-open),"PE SENSEX76700PE @ 288.99 -- Heikin Ashi bearish, no upper wick, price below 50-EMA"
2026-09-01,14:46:00,SENSEX_HEIKIN_ASHI_BEARISH_1M_ATM,SIGNAL(skipped-already-open),"PE SENSEX76700PE @ 294.80 -- Heikin Ashi bearish, no upper wick, price below 50-EMA"
2026-09-01,14:47:00,SENSEX_HEIKIN_ASHI_BEARISH_1M_ATM,SIGNAL(skipped-already-open),"PE SENSEX76700PE @ 300.43 -- Heikin Ashi bearish, no upper wick, price below 50-EMA"
2026-09-01,14:48:00,SENSEX_HEIKIN_ASHI_BEARISH_1M_ATM,SIGNAL(skipped-already-open),"PE SENSEX76700PE @ 302.23 -- Heikin Ashi bearish, no upper wick, price below 50-EMA"
2026-09-01,14:49:00,SENSEX_HEIKIN_ASHI_BEARISH_1M_ATM,SIGNAL(skipped-already-open),"PE SENSEX76700PE @ 302.46 -- Heikin Ashi bearish, no upper wick, price below 50-EMA"
2026-09-01,14:50:00,SENSEX_HEIKIN_ASHI_BEARISH_1M_ATM,SIGNAL(skipped-already-open),"PE SENSEX76700PE @ 289.25 -- Heikin Ashi bearish, no upper wick, price below 50-EMA"
2026-09-01,14:51:00,SENSEX_HEIKIN_ASHI_BEARISH_1M_ATM,SIGNAL(skipped-already-open),"PE SENSEX76800PE @ 324.12 -- Heikin Ashi bearish, no upper wick, price below 50-EMA"
2026-09-01,14:51:00,SENSEX_OI_LONG_UNWINDING_PE,SIGNAL(skipped-already-open),PE SENSEX76800PE @ 324.12 -- SENSEX OI Long Unwinding breakdown
2026-09-01,14:52:00,SENSEX_HEIKIN_ASHI_BEARISH_1M_ATM,SIGNAL(skipped-already-open),"PE SENSEX76700PE @ 284.95 -- Heikin Ashi bearish, no upper wick, price below 50-EMA"
2026-09-01,14:52:00,SENSEX_BB_SQUEEZE_EXPLOSION_PE,SIGNAL(skipped-already-open),PE SENSEX77200PE @ 580.61 -- SENSEX Bollinger Squeeze breakdown DOWN
2026-09-01,14:53:00,SENSEX_HEIKIN_ASHI_BEARISH_1M_ATM,SIGNAL(skipped-already-open),"PE SENSEX76700PE @ 287.01 -- Heikin Ashi bearish, no upper wick, price below 50-EMA"
2026-09-01,14:54:00,SENSEX_HEIKIN_ASHI_BEARISH_1M_ATM,SIGNAL(skipped-already-open),"PE SENSEX76700PE @ 281.92 -- Heikin Ashi bearish, no upper wick, price below 50-EMA"
2026-09-01,14:55:00,SENSEX_HEIKIN_ASHI_BEARISH_1M_ATM,SIGNAL(skipped-already-open),"PE SENSEX76800PE @ 327.23 -- Heikin Ashi bearish, no upper wick, price below 50-EMA"
2026-09-01,14:56:00,SENSEX_HEIKIN_ASHI_BEARISH_1M_ATM,SIGNAL(skipped-already-open),"PE SENSEX76800PE @ 322.29 -- Heikin Ashi bearish, no upper wick, price below 50-EMA"
2026-09-01,14:57:00,SENSEX_HEIKIN_ASHI_BEARISH_1M_ATM,SIGNAL(skipped-already-open),"PE SENSEX76700PE @ 284.77 -- Heikin Ashi bearish, no upper wick, price below 50-EMA"
2026-09-01,14:58:00,SENSEX_HEIKIN_ASHI_BEARISH_1M_ATM,SIGNAL(skipped-already-open),"PE SENSEX76700PE @ 280.79 -- Heikin Ashi bearish, no upper wick, price below 50-EMA"
2026-09-01,14:59:00,SENSEX_HEIKIN_ASHI_BEARISH_1M_ATM,SIGNAL(skipped-already-open),"PE SENSEX76800PE @ 326.84 -- Heikin Ashi bearish, no upper wick, price below 50-EMA"
2026-09-01,15:06:00,SENSEX_OI_LONG_UNWINDING_PE,SIGNAL(skipped-already-open),PE SENSEX76700PE @ 279.28 -- SENSEX OI Long Unwinding breakdown
2026-09-01,15:07:00,SENSEX_BB_SQUEEZE_EXPLOSION_PE,SIGNAL(skipped-already-open),PE SENSEX77200PE @ 591.04 -- SENSEX Bollinger Squeeze breakdown DOWN
2026-09-01,15:21:00,SENSEX_OI_LONG_UNWINDING_PE,SIGNAL,PE SENSEX76700PE @ 290.54 -- SENSEX OI Long Unwinding breakdown
2026-09-01,15:22:00,SENSEX_BB_SQUEEZE_EXPLOSION_PE,SIGNAL,PE SENSEX77200PE @ 589.07 -- SENSEX Bollinger Squeeze breakdown DOWN
2026-09-01,15:28:00,SENSEX_OI_SHORT_SQUEEZE_CE,SIGNAL,CE SENSEX76900CE @ 356.21 -- SENSEX OI Short Squeeze breakout
2026-09-02,09:25:00,SENSEX_HEIKIN_ASHI_BEARISH_5M_ITM,SIGNAL,PE SENSEX76800PE @ 608.27 -- 5m SENSEX Heikin-Ashi bearish continuation below 1H 50-EMA
2026-09-02,09:25:00,SENSEX_BB_SQUEEZE_EXPLOSION_PE,SIGNAL,PE SENSEX76800PE @ 608.27 -- SENSEX Bollinger Squeeze breakdown DOWN
2026-09-02,09:25:00,SENSEX_OI_LONG_UNWINDING_PE,SIGNAL,PE SENSEX76200PE @ 204.23 -- SENSEX OI Long Unwinding breakdown
2026-09-02,09:40:00,SENSEX_BB_SQUEEZE_EXPLOSION_PE,SIGNAL(skipped-already-open),PE SENSEX76900PE @ 623.92 -- SENSEX Bollinger Squeeze breakdown DOWN
2026-09-02,09:40:00,SENSEX_OI_LONG_UNWINDING_PE,SIGNAL,PE SENSEX76300PE @ 213.27 -- SENSEX OI Long Unwinding breakdown
2026-09-02,09:45:00,SENSEX_HEIKIN_ASHI_BEARISH_1M_ATM,SIGNAL,"PE SENSEX76300PE @ 204.18 -- Heikin Ashi bearish, no upper wick, price below 50-EMA"
2026-09-02,09:46:00,SENSEX_HEIKIN_ASHI_BEARISH_1M_ATM,SIGNAL(skipped-already-open),"PE SENSEX76300PE @ 210.35 -- Heikin Ashi bearish, no upper wick, price below 50-EMA"
2026-09-02,09:47:00,SENSEX_HEIKIN_ASHI_BEARISH_1M_ATM,SIGNAL(skipped-already-open),"PE SENSEX76300PE @ 220.48 -- Heikin Ashi bearish, no upper wick, price below 50-EMA"
2026-09-02,09:48:00,SENSEX_HEIKIN_ASHI_BEARISH_1M_ATM,SIGNAL(skipped-already-open),"PE SENSEX76300PE @ 215.68 -- Heikin Ashi bearish, no upper wick, price below 50-EMA"
2026-09-02,09:49:00,SENSEX_HEIKIN_ASHI_BEARISH_1M_ATM,SIGNAL(skipped-already-open),"PE SENSEX76300PE @ 205.84 -- Heikin Ashi bearish, no upper wick, price below 50-EMA"
2026-09-02,09:50:00,SENSEX_HEIKIN_ASHI_BEARISH_1M_ATM,SIGNAL(skipped-already-open),"PE SENSEX76400PE @ 238.59 -- Heikin Ashi bearish, no upper wick, price below 50-EMA"
2026-09-02,09:51:00,SENSEX_HEIKIN_ASHI_BEARISH_1M_ATM,SIGNAL(skipped-already-open),"PE SENSEX76300PE @ 203.00 -- Heikin Ashi bearish, no upper wick, price below 50-EMA"
2026-09-02,09:52:00,SENSEX_HEIKIN_ASHI_BEARISH_1M_ATM,SIGNAL(skipped-already-open),"PE SENSEX76300PE @ 209.83 -- Heikin Ashi bearish, no upper wick, price below 50-EMA"
2026-09-02,09:53:00,SENSEX_HEIKIN_ASHI_BEARISH_1M_ATM,SIGNAL(skipped-already-open),"PE SENSEX76300PE @ 203.29 -- Heikin Ashi bearish, no upper wick, price below 50-EMA"
2026-09-02,09:54:00,SENSEX_HEIKIN_ASHI_BEARISH_1M_ATM,SIGNAL(skipped-already-open),"PE SENSEX76300PE @ 214.13 -- Heikin Ashi bearish, no upper wick, price below 50-EMA"
2026-09-02,09:55:00,SENSEX_HEIKIN_ASHI_BEARISH_1M_ATM,SIGNAL(skipped-already-open),"PE SENSEX76300PE @ 205.91 -- Heikin Ashi bearish, no upper wick, price below 50-EMA"
2026-09-02,09:55:00,SENSEX_BB_SQUEEZE_EXPLOSION_PE,SIGNAL(skipped-already-open),PE SENSEX76900PE @ 610.92 -- SENSEX Bollinger Squeeze breakdown DOWN
2026-09-02,09:55:00,SENSEX_OI_LONG_UNWINDING_PE,SIGNAL(skipped-already-open),PE SENSEX76300PE @ 205.91 -- SENSEX OI Long Unwinding breakdown
2026-09-02,09:56:00,SENSEX_HEIKIN_ASHI_BEARISH_1M_ATM,SIGNAL(skipped-already-open),"PE SENSEX76300PE @ 197.18 -- Heikin Ashi bearish, no upper wick, price below 50-EMA"
2026-09-02,09:57:00,SENSEX_HEIKIN_ASHI_BEARISH_1M_ATM,SIGNAL(skipped-already-open),"PE SENSEX76300PE @ 193.46 -- Heikin Ashi bearish, no upper wick, price below 50-EMA"
2026-09-02,09:58:00,SENSEX_HEIKIN_ASHI_BEARISH_1M_ATM,SIGNAL(skipped-already-open),"PE SENSEX76400PE @ 224.60 -- Heikin Ashi bearish, no upper wick, price below 50-EMA"
2026-09-02,09:59:00,SENSEX_HEIKIN_ASHI_BEARISH_1M_ATM,SIGNAL(skipped-already-open),"PE SENSEX76400PE @ 224.73 -- Heikin Ashi bearish, no upper wick, price below 50-EMA"
2026-09-02,10:00:00,SENSEX_HEIKIN_ASHI_BEARISH_1M_ATM,SIGNAL(skipped-already-open),"PE SENSEX76400PE @ 233.83 -- Heikin Ashi bearish, no upper wick, price below 50-EMA"
2026-09-02,10:01:00,SENSEX_HEIKIN_ASHI_BEARISH_1M_ATM,SIGNAL(skipped-already-open),"PE SENSEX76400PE @ 231.69 -- Heikin Ashi bearish, no upper wick, price below 50-EMA"
2026-09-02,10:02:00,SENSEX_HEIKIN_ASHI_BEARISH_1M_ATM,SIGNAL(skipped-already-open),"PE SENSEX76400PE @ 223.92 -- Heikin Ashi bearish, no upper wick, price below 50-EMA"
2026-09-02,10:03:00,SENSEX_HEIKIN_ASHI_BEARISH_1M_ATM,SIGNAL(skipped-already-open),"PE SENSEX76400PE @ 224.04 -- Heikin Ashi bearish, no upper wick, price below 50-EMA"
2026-09-02,10:04:00,SENSEX_HEIKIN_ASHI_BEARISH_1M_ATM,SIGNAL(skipped-already-open),"PE SENSEX76400PE @ 229.19 -- Heikin Ashi bearish, no upper wick, price below 50-EMA"
2026-09-02,10:05:00,SENSEX_HEIKIN_ASHI_BEARISH_1M_ATM,SIGNAL(skipped-already-open),"PE SENSEX76400PE @ 228.61 -- Heikin Ashi bearish, no upper wick, price below 50-EMA"
2026-09-02,10:06:00,SENSEX_HEIKIN_ASHI_BEARISH_1M_ATM,SIGNAL(skipped-already-open),"PE SENSEX76400PE @ 224.96 -- Heikin Ashi bearish, no upper wick, price below 50-EMA"
2026-09-02,10:07:00,SENSEX_HEIKIN_ASHI_BEARISH_1M_ATM,SIGNAL(skipped-already-open),"PE SENSEX76400PE @ 227.56 -- Heikin Ashi bearish, no upper wick, price below 50-EMA"
2026-09-02,10:08:00,SENSEX_HEIKIN_ASHI_BEARISH_1M_ATM,SIGNAL(skipped-already-open),"PE SENSEX76300PE @ 194.47 -- Heikin Ashi bearish, no upper wick, price below 50-EMA"
2026-09-02,10:09:00,SENSEX_HEIKIN_ASHI_BEARISH_1M_ATM,SIGNAL(skipped-already-open),"PE SENSEX76300PE @ 195.01 -- Heikin Ashi bearish, no upper wick, price below 50-EMA"
2026-09-02,10:10:00,SENSEX_HEIKIN_ASHI_BEARISH_1M_ATM,SIGNAL(skipped-already-open),"PE SENSEX76400PE @ 238.23 -- Heikin Ashi bearish, no upper wick, price below 50-EMA"
2026-09-02,10:10:00,SENSEX_BB_SQUEEZE_EXPLOSION_PE,SIGNAL,PE SENSEX76900PE @ 581.35 -- SENSEX Bollinger Squeeze breakdown DOWN
2026-09-02,10:10:00,SENSEX_OI_LONG_UNWINDING_PE,SIGNAL(skipped-already-open),PE SENSEX76400PE @ 238.23 -- SENSEX OI Long Unwinding breakdown
2026-09-02,10:11:00,SENSEX_HEIKIN_ASHI_BEARISH_1M_ATM,SIGNAL(skipped-already-open),"PE SENSEX76300PE @ 193.61 -- Heikin Ashi bearish, no upper wick, price below 50-EMA"
2026-09-02,10:12:00,SENSEX_HEIKIN_ASHI_BEARISH_1M_ATM,SIGNAL(skipped-already-open),"PE SENSEX76400PE @ 238.49 -- Heikin Ashi bearish, no upper wick, price below 50-EMA"
2026-09-02,10:13:00,SENSEX_HEIKIN_ASHI_BEARISH_1M_ATM,SIGNAL(skipped-already-open),"PE SENSEX76400PE @ 225.78 -- Heikin Ashi bearish, no upper wick, price below 50-EMA"
2026-09-02,10:14:00,SENSEX_HEIKIN_ASHI_BEARISH_1M_ATM,SIGNAL(skipped-already-open),"PE SENSEX76300PE @ 194.69 -- Heikin Ashi bearish, no upper wick, price below 50-EMA"
2026-09-02,10:15:00,SENSEX_HEIKIN_ASHI_BEARISH_1M_ATM,SIGNAL(skipped-already-open),"PE SENSEX76400PE @ 238.02 -- Heikin Ashi bearish, no upper wick, price below 50-EMA"
2026-09-02,10:16:00,SENSEX_HEIKIN_ASHI_BEARISH_1M_ATM,SIGNAL(skipped-already-open),"PE SENSEX76400PE @ 235.11 -- Heikin Ashi bearish, no upper wick, price below 50-EMA"
2026-09-02,10:17:00,SENSEX_HEIKIN_ASHI_BEARISH_1M_ATM,SIGNAL(skipped-already-open),"PE SENSEX76400PE @ 232.76 -- Heikin Ashi bearish, no upper wick, price below 50-EMA"
2026-09-02,10:18:00,SENSEX_HEIKIN_ASHI_BEARISH_1M_ATM,SIGNAL(skipped-already-open),"PE SENSEX76400PE @ 228.20 -- Heikin Ashi bearish, no upper wick, price below 50-EMA"
2026-09-02,10:19:00,SENSEX_HEIKIN_ASHI_BEARISH_1M_ATM,SIGNAL(skipped-already-open),"PE SENSEX76400PE @ 217.66 -- Heikin Ashi bearish, no upper wick, price below 50-EMA"
2026-09-02,10:20:00,SENSEX_HEIKIN_ASHI_BEARISH_1M_ATM,SIGNAL,"PE SENSEX76400PE @ 207.39 -- Heikin Ashi bearish, no upper wick, price below 50-EMA"
2026-09-02,10:21:00,SENSEX_HEIKIN_ASHI_BEARISH_1M_ATM,SIGNAL(skipped-already-open),"PE SENSEX76400PE @ 194.06 -- Heikin Ashi bearish, no upper wick, price below 50-EMA"
2026-09-02,10:22:00,SENSEX_HEIKIN_ASHI_BEARISH_1M_ATM,SIGNAL(skipped-already-open),"PE SENSEX76500PE @ 236.64 -- Heikin Ashi bearish, no upper wick, price below 50-EMA"
2026-09-02,10:22:00,SENSEX_OI_SHORT_SQUEEZE_CE,SIGNAL,CE SENSEX76500CE @ 210.95 -- SENSEX OI Short Squeeze breakout
2026-09-02,10:23:00,SENSEX_HEIKIN_ASHI_BEARISH_1M_ATM,SIGNAL(skipped-already-open),"PE SENSEX76400PE @ 192.73 -- Heikin Ashi bearish, no upper wick, price below 50-EMA"
2026-09-02,10:23:00,SENSEX_RESISTANCE_REJECTION_5M_ITM,SIGNAL,PE SENSEX77000PE @ 586.82 -- 5m SENSEX resistance rejection off 20-EMA (76456.1) in 1H downtrend
2026-09-02,10:24:00,SENSEX_HEIKIN_ASHI_BEARISH_1M_ATM,SIGNAL(skipped-already-open),"PE SENSEX76400PE @ 193.30 -- Heikin Ashi bearish, no upper wick, price below 50-EMA"
2026-09-02,10:25:00,SENSEX_HEIKIN_ASHI_BEARISH_1M_ATM,SIGNAL(skipped-already-open),"PE SENSEX76500PE @ 238.88 -- Heikin Ashi bearish, no upper wick, price below 50-EMA"
2026-09-02,10:25:00,SENSEX_BB_SQUEEZE_EXPLOSION_PE,SIGNAL(skipped-already-open),PE SENSEX77000PE @ 582.10 -- SENSEX Bollinger Squeeze breakdown DOWN
2026-09-02,10:25:00,SENSEX_OI_LONG_UNWINDING_PE,SIGNAL,PE SENSEX76500PE @ 238.88 -- SENSEX OI Long Unwinding breakdown
2026-09-02,10:26:00,SENSEX_HEIKIN_ASHI_BEARISH_1M_ATM,SIGNAL(skipped-already-open),"PE SENSEX76500PE @ 239.35 -- Heikin Ashi bearish, no upper wick, price below 50-EMA"
2026-09-02,10:27:00,SENSEX_HEIKIN_ASHI_BEARISH_1M_ATM,SIGNAL(skipped-already-open),"PE SENSEX76500PE @ 239.63 -- Heikin Ashi bearish, no upper wick, price below 50-EMA"
2026-09-02,10:28:00,SENSEX_HEIKIN_ASHI_BEARISH_1M_ATM,SIGNAL(skipped-already-open),"PE SENSEX76500PE @ 235.87 -- Heikin Ashi bearish, no upper wick, price below 50-EMA"
2026-09-02,10:29:00,SENSEX_HEIKIN_ASHI_BEARISH_1M_ATM,SIGNAL(skipped-already-open),"PE SENSEX76500PE @ 227.09 -- Heikin Ashi bearish, no upper wick, price below 50-EMA"
2026-09-02,10:38:00,SENSEX_RESISTANCE_REJECTION_5M_ITM,SIGNAL(skipped-already-open),PE SENSEX77000PE @ 593.39 -- 5m SENSEX resistance rejection off 20-EMA (76459.4) in 1H downtrend
2026-09-02,10:40:00,SENSEX_BB_SQUEEZE_EXPLOSION_PE,SIGNAL,PE SENSEX77000PE @ 605.77 -- SENSEX Bollinger Squeeze breakdown DOWN
2026-09-02,10:40:00,SENSEX_OI_LONG_UNWINDING_PE,SIGNAL(skipped-already-open),PE SENSEX76400PE @ 203.21 -- SENSEX OI Long Unwinding breakdown
2026-09-02,10:45:00,SENSEX_HEIKIN_ASHI_BEARISH_5M_ITM,SIGNAL,PE SENSEX77000PE @ 630.83 -- 5m SENSEX Heikin-Ashi bearish continuation below 1H 50-EMA
2026-09-02,10:55:00,SENSEX_BB_SQUEEZE_EXPLOSION_PE,SIGNAL(skipped-already-open),PE SENSEX77000PE @ 637.52 -- SENSEX Bollinger Squeeze breakdown DOWN
2026-09-02,10:55:00,SENSEX_OI_LONG_UNWINDING_PE,SIGNAL(skipped-already-open),PE SENSEX76400PE @ 221.29 -- SENSEX OI Long Unwinding breakdown
2026-09-02,11:10:00,SENSEX_HEIKIN_ASHI_BEARISH_5M_ITM,SIGNAL,PE SENSEX76900PE @ 620.65 -- 5m SENSEX Heikin-Ashi bearish continuation below 1H 50-EMA
2026-09-02,11:10:00,SENSEX_BB_SQUEEZE_EXPLOSION_PE,SIGNAL,PE SENSEX76900PE @ 620.65 -- SENSEX Bollinger Squeeze breakdown DOWN
2026-09-02,11:10:00,SENSEX_OI_LONG_UNWINDING_PE,SIGNAL,PE SENSEX76300PE @ 211.41 -- SENSEX OI Long Unwinding breakdown
2026-09-02,11:15:00,SENSEX_HEIKIN_ASHI_BEARISH_1M_ATM,SIGNAL(skipped-already-open),"PE SENSEX76300PE @ 206.76 -- Heikin Ashi bearish, no upper wick, price below 50-EMA"
2026-09-02,11:16:00,SENSEX_HEIKIN_ASHI_BEARISH_1M_ATM,SIGNAL(skipped-already-open),"PE SENSEX76300PE @ 214.58 -- Heikin Ashi bearish, no upper wick, price below 50-EMA"
2026-09-02,11:17:00,SENSEX_HEIKIN_ASHI_BEARISH_1M_ATM,SIGNAL(skipped-already-open),"PE SENSEX76300PE @ 215.47 -- Heikin Ashi bearish, no upper wick, price below 50-EMA"
2026-09-02,11:18:00,SENSEX_HEIKIN_ASHI_BEARISH_1M_ATM,SIGNAL(skipped-already-open),"PE SENSEX76300PE @ 203.36 -- Heikin Ashi bearish, no upper wick, price below 50-EMA"
2026-09-02,11:19:00,SENSEX_HEIKIN_ASHI_BEARISH_1M_ATM,SIGNAL(skipped-already-open),"PE SENSEX76300PE @ 205.90 -- Heikin Ashi bearish, no upper wick, price below 50-EMA"
2026-09-02,11:20:00,SENSEX_HEIKIN_ASHI_BEARISH_1M_ATM,SIGNAL(skipped-already-open),"PE SENSEX76300PE @ 206.16 -- Heikin Ashi bearish, no upper wick, price below 50-EMA"
2026-09-02,11:21:00,SENSEX_HEIKIN_ASHI_BEARISH_1M_ATM,SIGNAL(skipped-already-open),"PE SENSEX76300PE @ 211.10 -- Heikin Ashi bearish, no upper wick, price below 50-EMA"
2026-09-02,11:22:00,SENSEX_HEIKIN_ASHI_BEARISH_1M_ATM,SIGNAL(skipped-already-open),"PE SENSEX76300PE @ 219.05 -- Heikin Ashi bearish, no upper wick, price below 50-EMA"
2026-09-02,11:23:00,SENSEX_HEIKIN_ASHI_BEARISH_1M_ATM,SIGNAL(skipped-already-open),"PE SENSEX76300PE @ 212.63 -- Heikin Ashi bearish, no upper wick, price below 50-EMA"
2026-09-02,11:24:00,SENSEX_HEIKIN_ASHI_BEARISH_1M_ATM,SIGNAL(skipped-already-open),"PE SENSEX76300PE @ 223.76 -- Heikin Ashi bearish, no upper wick, price below 50-EMA"
2026-09-02,11:25:00,SENSEX_HEIKIN_ASHI_BEARISH_1M_ATM,SIGNAL(skipped-already-open),"PE SENSEX76300PE @ 222.05 -- Heikin Ashi bearish, no upper wick, price below 50-EMA"
2026-09-02,11:25:00,SENSEX_BB_SQUEEZE_EXPLOSION_PE,SIGNAL(skipped-already-open),PE SENSEX76900PE @ 639.17 -- SENSEX Bollinger Squeeze breakdown DOWN
2026-09-02,11:25:00,SENSEX_OI_LONG_UNWINDING_PE,SIGNAL(skipped-already-open),PE SENSEX76300PE @ 222.05 -- SENSEX OI Long Unwinding breakdown
2026-09-02,11:26:00,SENSEX_HEIKIN_ASHI_BEARISH_1M_ATM,SIGNAL(skipped-already-open),"PE SENSEX76300PE @ 222.66 -- Heikin Ashi bearish, no upper wick, price below 50-EMA"
2026-09-02,11:27:00,SENSEX_HEIKIN_ASHI_BEARISH_1M_ATM,SIGNAL(skipped-already-open),"PE SENSEX76300PE @ 224.34 -- Heikin Ashi bearish, no upper wick, price below 50-EMA"
2026-09-02,11:28:00,SENSEX_HEIKIN_ASHI_BEARISH_1M_ATM,SIGNAL(skipped-already-open),"PE SENSEX76300PE @ 222.69 -- Heikin Ashi bearish, no upper wick, price below 50-EMA"
2026-09-02,11:29:00,SENSEX_HEIKIN_ASHI_BEARISH_1M_ATM,SIGNAL(skipped-already-open),"PE SENSEX76300PE @ 229.17 -- Heikin Ashi bearish, no upper wick, price below 50-EMA"
2026-09-02,11:30:00,SENSEX_HEIKIN_ASHI_BEARISH_1M_ATM,SIGNAL(skipped-already-open),"PE SENSEX76300PE @ 230.26 -- Heikin Ashi bearish, no upper wick, price below 50-EMA"
2026-09-02,11:30:00,SENSEX_HEIKIN_ASHI_BEARISH_5M_ITM,SIGNAL(skipped-already-open),PE SENSEX76800PE @ 568.87 -- 5m SENSEX Heikin-Ashi bearish continuation below 1H 50-EMA
2026-09-02,11:31:00,SENSEX_HEIKIN_ASHI_BEARISH_1M_ATM,SIGNAL(skipped-already-open),"PE SENSEX76300PE @ 230.43 -- Heikin Ashi bearish, no upper wick, price below 50-EMA"
2026-09-02,11:32:00,SENSEX_HEIKIN_ASHI_BEARISH_1M_ATM,SIGNAL(skipped-already-open),"PE SENSEX76300PE @ 229.50 -- Heikin Ashi bearish, no upper wick, price below 50-EMA"
2026-09-02,11:33:00,SENSEX_HEIKIN_ASHI_BEARISH_1M_ATM,SIGNAL(skipped-already-open),"PE SENSEX76300PE @ 238.81 -- Heikin Ashi bearish, no upper wick, price below 50-EMA"
2026-09-02,11:34:00,SENSEX_HEIKIN_ASHI_BEARISH_1M_ATM,SIGNAL(skipped-already-open),"PE SENSEX76300PE @ 236.30 -- Heikin Ashi bearish, no upper wick, price below 50-EMA"
2026-09-02,11:35:00,SENSEX_HEIKIN_ASHI_BEARISH_1M_ATM,SIGNAL(skipped-already-open),"PE SENSEX76300PE @ 234.76 -- Heikin Ashi bearish, no upper wick, price below 50-EMA"
2026-09-02,11:36:00,SENSEX_HEIKIN_ASHI_BEARISH_1M_ATM,SIGNAL(skipped-already-open),"PE SENSEX76300PE @ 238.44 -- Heikin Ashi bearish, no upper wick, price below 50-EMA"
2026-09-02,11:37:00,SENSEX_HEIKIN_ASHI_BEARISH_1M_ATM,SIGNAL(skipped-already-open),"PE SENSEX76300PE @ 238.39 -- Heikin Ashi bearish, no upper wick, price below 50-EMA"
2026-09-02,11:38:00,SENSEX_HEIKIN_ASHI_BEARISH_1M_ATM,SIGNAL(skipped-already-open),"PE SENSEX76300PE @ 234.76 -- Heikin Ashi bearish, no upper wick, price below 50-EMA"
2026-09-02,11:39:00,SENSEX_HEIKIN_ASHI_BEARISH_1M_ATM,SIGNAL(skipped-already-open),"PE SENSEX76300PE @ 226.02 -- Heikin Ashi bearish, no upper wick, price below 50-EMA"
2026-09-02,11:40:00,SENSEX_HEIKIN_ASHI_BEARISH_1M_ATM,SIGNAL(skipped-already-open),"PE SENSEX76300PE @ 230.59 -- Heikin Ashi bearish, no upper wick, price below 50-EMA"
2026-09-02,11:40:00,SENSEX_BB_SQUEEZE_EXPLOSION_PE,SIGNAL(skipped-already-open),PE SENSEX76800PE @ 569.40 -- SENSEX Bollinger Squeeze breakdown DOWN
2026-09-02,11:40:00,SENSEX_OI_LONG_UNWINDING_PE,SIGNAL(skipped-already-open),PE SENSEX76300PE @ 230.59 -- SENSEX OI Long Unwinding breakdown
2026-09-02,11:41:00,SENSEX_HEIKIN_ASHI_BEARISH_1M_ATM,SIGNAL(skipped-already-open),"PE SENSEX76300PE @ 236.15 -- Heikin Ashi bearish, no upper wick, price below 50-EMA"
2026-09-02,11:42:00,SENSEX_HEIKIN_ASHI_BEARISH_1M_ATM,SIGNAL(skipped-already-open),"PE SENSEX76300PE @ 236.16 -- Heikin Ashi bearish, no upper wick, price below 50-EMA"
2026-09-02,11:43:00,SENSEX_HEIKIN_ASHI_BEARISH_1M_ATM,SIGNAL(skipped-already-open),"PE SENSEX76300PE @ 232.71 -- Heikin Ashi bearish, no upper wick, price below 50-EMA"
2026-09-02,11:44:00,SENSEX_HEIKIN_ASHI_BEARISH_1M_ATM,SIGNAL(skipped-already-open),"PE SENSEX76300PE @ 238.04 -- Heikin Ashi bearish, no upper wick, price below 50-EMA"
2026-09-02,11:45:00,SENSEX_HEIKIN_ASHI_BEARISH_1M_ATM,SIGNAL(skipped-already-open),"PE SENSEX76200PE @ 192.02 -- Heikin Ashi bearish, no upper wick, price below 50-EMA"
2026-09-02,11:46:00,SENSEX_HEIKIN_ASHI_BEARISH_1M_ATM,SIGNAL(skipped-already-open),"PE SENSEX76200PE @ 193.33 -- Heikin Ashi bearish, no upper wick, price below 50-EMA"
2026-09-02,11:47:00,SENSEX_HEIKIN_ASHI_BEARISH_1M_ATM,SIGNAL(skipped-already-open),"PE SENSEX76200PE @ 196.67 -- Heikin Ashi bearish, no upper wick, price below 50-EMA"
2026-09-02,11:48:00,SENSEX_HEIKIN_ASHI_BEARISH_1M_ATM,SIGNAL(skipped-already-open),"PE SENSEX76300PE @ 237.92 -- Heikin Ashi bearish, no upper wick, price below 50-EMA"
2026-09-02,11:49:00,SENSEX_HEIKIN_ASHI_BEARISH_1M_ATM,SIGNAL(skipped-already-open),"PE SENSEX76200PE @ 192.36 -- Heikin Ashi bearish, no upper wick, price below 50-EMA"
2026-09-02,11:50:00,SENSEX_HEIKIN_ASHI_BEARISH_1M_ATM,SIGNAL(skipped-already-open),"PE SENSEX76300PE @ 237.41 -- Heikin Ashi bearish, no upper wick, price below 50-EMA"
2026-09-02,11:50:00,SENSEX_HEIKIN_ASHI_BEARISH_5M_ITM,SIGNAL(skipped-already-open),PE SENSEX76800PE @ 580.32 -- 5m SENSEX Heikin-Ashi bearish continuation below 1H 50-EMA
2026-09-02,11:51:00,SENSEX_HEIKIN_ASHI_BEARISH_1M_ATM,SIGNAL(skipped-already-open),"PE SENSEX76200PE @ 192.30 -- Heikin Ashi bearish, no upper wick, price below 50-EMA"
2026-09-02,11:52:00,SENSEX_HEIKIN_ASHI_BEARISH_1M_ATM,SIGNAL(skipped-already-open),"PE SENSEX76300PE @ 234.72 -- Heikin Ashi bearish, no upper wick, price below 50-EMA"
2026-09-02,11:53:00,SENSEX_HEIKIN_ASHI_BEARISH_1M_ATM,SIGNAL(skipped-already-open),"PE SENSEX76300PE @ 231.58 -- Heikin Ashi bearish, no upper wick, price below 50-EMA"
2026-09-02,11:54:00,SENSEX_HEIKIN_ASHI_BEARISH_1M_ATM,SIGNAL(skipped-already-open),"PE SENSEX76300PE @ 217.82 -- Heikin Ashi bearish, no upper wick, price below 50-EMA"
2026-09-02,11:55:00,SENSEX_HEIKIN_ASHI_BEARISH_1M_ATM,SIGNAL(skipped-already-open),"PE SENSEX76300PE @ 222.46 -- Heikin Ashi bearish, no upper wick, price below 50-EMA"
2026-09-02,11:55:00,SENSEX_BB_SQUEEZE_EXPLOSION_PE,SIGNAL,PE SENSEX76900PE @ 639.86 -- SENSEX Bollinger Squeeze breakdown DOWN
2026-09-02,11:55:00,SENSEX_OI_LONG_UNWINDING_PE,SIGNAL(skipped-already-open),PE SENSEX76300PE @ 222.46 -- SENSEX OI Long Unwinding breakdown
2026-09-02,11:56:00,SENSEX_HEIKIN_ASHI_BEARISH_1M_ATM,SIGNAL(skipped-already-open),"PE SENSEX76300PE @ 227.01 -- Heikin Ashi bearish, no upper wick, price below 50-EMA"
2026-09-02,11:57:00,SENSEX_HEIKIN_ASHI_BEARISH_1M_ATM,SIGNAL(skipped-already-open),"PE SENSEX76300PE @ 229.89 -- Heikin Ashi bearish, no upper wick, price below 50-EMA"
2026-09-02,11:58:00,SENSEX_HEIKIN_ASHI_BEARISH_1M_ATM,SIGNAL(skipped-already-open),"PE SENSEX76300PE @ 239.02 -- Heikin Ashi bearish, no upper wick, price below 50-EMA"
2026-09-02,11:59:00,SENSEX_HEIKIN_ASHI_BEARISH_1M_ATM,SIGNAL(skipped-already-open),"PE SENSEX76300PE @ 233.92 -- Heikin Ashi bearish, no upper wick, price below 50-EMA"
2026-09-02,12:00:00,SENSEX_HEIKIN_ASHI_BEARISH_1M_ATM,SIGNAL(skipped-already-open),"PE SENSEX76300PE @ 229.93 -- Heikin Ashi bearish, no upper wick, price below 50-EMA"
2026-09-02,12:01:00,SENSEX_HEIKIN_ASHI_BEARISH_1M_ATM,SIGNAL(skipped-already-open),"PE SENSEX76300PE @ 224.95 -- Heikin Ashi bearish, no upper wick, price below 50-EMA"
2026-09-02,12:02:00,SENSEX_HEIKIN_ASHI_BEARISH_1M_ATM,SIGNAL(skipped-already-open),"PE SENSEX76300PE @ 228.64 -- Heikin Ashi bearish, no upper wick, price below 50-EMA"
2026-09-02,12:03:00,SENSEX_HEIKIN_ASHI_BEARISH_1M_ATM,SIGNAL(skipped-already-open),"PE SENSEX76300PE @ 240.55 -- Heikin Ashi bearish, no upper wick, price below 50-EMA"
2026-09-02,12:04:00,SENSEX_HEIKIN_ASHI_BEARISH_1M_ATM,SIGNAL(skipped-already-open),"PE SENSEX76200PE @ 197.08 -- Heikin Ashi bearish, no upper wick, price below 50-EMA"
2026-09-02,12:05:00,SENSEX_HEIKIN_ASHI_BEARISH_1M_ATM,SIGNAL(skipped-already-open),"PE SENSEX76300PE @ 238.21 -- Heikin Ashi bearish, no upper wick, price below 50-EMA"
2026-09-02,12:06:00,SENSEX_HEIKIN_ASHI_BEARISH_1M_ATM,SIGNAL(skipped-already-open),"PE SENSEX76300PE @ 235.94 -- Heikin Ashi bearish, no upper wick, price below 50-EMA"
2026-09-02,12:07:00,SENSEX_HEIKIN_ASHI_BEARISH_1M_ATM,SIGNAL(skipped-already-open),"PE SENSEX76300PE @ 240.35 -- Heikin Ashi bearish, no upper wick, price below 50-EMA"
2026-09-02,12:08:00,SENSEX_HEIKIN_ASHI_BEARISH_1M_ATM,SIGNAL(skipped-already-open),"PE SENSEX76300PE @ 239.37 -- Heikin Ashi bearish, no upper wick, price below 50-EMA"
2026-09-02,12:09:00,SENSEX_HEIKIN_ASHI_BEARISH_1M_ATM,SIGNAL(skipped-already-open),"PE SENSEX76300PE @ 233.48 -- Heikin Ashi bearish, no upper wick, price below 50-EMA"
2026-09-02,12:10:00,SENSEX_HEIKIN_ASHI_BEARISH_1M_ATM,SIGNAL(skipped-already-open),"PE SENSEX76300PE @ 226.91 -- Heikin Ashi bearish, no upper wick, price below 50-EMA"
2026-09-02,12:10:00,SENSEX_BB_SQUEEZE_EXPLOSION_PE,SIGNAL,PE SENSEX76800PE @ 563.46 -- SENSEX Bollinger Squeeze breakdown DOWN
2026-09-02,12:10:00,SENSEX_OI_LONG_UNWINDING_PE,SIGNAL(skipped-already-open),PE SENSEX76300PE @ 226.91 -- SENSEX OI Long Unwinding breakdown
2026-09-02,12:11:00,SENSEX_HEIKIN_ASHI_BEARISH_1M_ATM,SIGNAL,"PE SENSEX76300PE @ 205.75 -- Heikin Ashi bearish, no upper wick, price below 50-EMA"
2026-09-02,12:11:00,SENSEX_OI_SHORT_SQUEEZE_CE,SIGNAL,CE SENSEX76300CE @ 241.29 -- SENSEX OI Short Squeeze breakout
2026-09-02,12:12:00,SENSEX_HEIKIN_ASHI_BEARISH_1M_ATM,SIGNAL(skipped-already-open),"PE SENSEX76300PE @ 198.03 -- Heikin Ashi bearish, no upper wick, price below 50-EMA"
2026-09-02,12:13:00,SENSEX_HEIKIN_ASHI_BEARISH_1M_ATM,SIGNAL(skipped-already-open),"PE SENSEX76300PE @ 196.94 -- Heikin Ashi bearish, no upper wick, price below 50-EMA"
2026-09-02,12:14:00,SENSEX_HEIKIN_ASHI_BEARISH_1M_ATM,SIGNAL(skipped-already-open),"PE SENSEX76300PE @ 196.69 -- Heikin Ashi bearish, no upper wick, price below 50-EMA"
2026-09-02,12:19:00,SENSEX_RESISTANCE_REJECTION_5M_ITM,SIGNAL,PE SENSEX76900PE @ 616.12 -- 5m SENSEX resistance rejection off 20-EMA (76315.7) in 1H downtrend
2026-09-02,12:25:00,SENSEX_BB_SQUEEZE_EXPLOSION_PE,SIGNAL(skipped-already-open),PE SENSEX76900PE @ 626.51 -- SENSEX Bollinger Squeeze breakdown DOWN
2026-09-02,12:25:00,SENSEX_OI_LONG_UNWINDING_PE,SIGNAL,PE SENSEX76300PE @ 214.75 -- SENSEX OI Long Unwinding breakdown
2026-09-02,12:27:00,SENSEX_OI_SHORT_SQUEEZE_CE,SIGNAL(skipped-already-open),CE SENSEX76300CE @ 239.22 -- SENSEX OI Short Squeeze breakout
2026-09-02,12:42:00,SENSEX_OI_SHORT_SQUEEZE_CE,SIGNAL(skipped-already-open),CE SENSEX76400CE @ 230.37 -- SENSEX OI Short Squeeze breakout
2026-09-02,12:57:00,SENSEX_OI_SHORT_SQUEEZE_CE,SIGNAL(skipped-already-open),CE SENSEX76400CE @ 240.87 -- SENSEX OI Short Squeeze breakout
2026-09-02,13:12:00,SENSEX_OI_SHORT_SQUEEZE_CE,SIGNAL(skipped-already-open),CE SENSEX76400CE @ 247.52 -- SENSEX OI Short Squeeze breakout
2026-09-02,13:27:00,SENSEX_OI_SHORT_SQUEEZE_CE,SIGNAL(skipped-already-open),CE SENSEX76500CE @ 218.30 -- SENSEX OI Short Squeeze breakout
2026-09-02,13:42:00,SENSEX_OI_SHORT_SQUEEZE_CE,SIGNAL(skipped-already-open),CE SENSEX76400CE @ 242.62 -- SENSEX OI Short Squeeze breakout
2026-09-02,13:51:00,SENSEX_RESISTANCE_REJECTION_5M_ITM,SIGNAL,PE SENSEX76900PE @ 560.98 -- 5m SENSEX resistance rejection off 20-EMA (76403.4) in 1H downtrend
2026-09-02,13:51:00,SENSEX_BB_SQUEEZE_EXPLOSION_PE,SIGNAL,PE SENSEX76900PE @ 560.98 -- SENSEX Bollinger Squeeze breakdown DOWN
2026-09-02,13:51:00,SENSEX_OI_LONG_UNWINDING_PE,SIGNAL,PE SENSEX76400PE @ 225.55 -- SENSEX OI Long Unwinding breakdown
2026-09-02,13:55:00,SENSEX_HEIKIN_ASHI_BEARISH_5M_ITM,SIGNAL,PE SENSEX77000PE @ 610.60 -- 5m SENSEX Heikin-Ashi bearish continuation below 1H 50-EMA
2026-09-02,13:57:00,SENSEX_OI_SHORT_SQUEEZE_CE,SIGNAL,CE SENSEX76400CE @ 245.94 -- SENSEX OI Short Squeeze breakout
2026-09-02,14:12:00,SENSEX_OI_SHORT_SQUEEZE_CE,SIGNAL(skipped-already-open),CE SENSEX76500CE @ 238.97 -- SENSEX OI Short Squeeze breakout
2026-09-02,14:27:00,SENSEX_OI_SHORT_SQUEEZE_CE,SIGNAL,CE SENSEX76500CE @ 213.34 -- SENSEX OI Short Squeeze breakout
2026-09-02,14:42:00,SENSEX_OI_SHORT_SQUEEZE_CE,SIGNAL,CE SENSEX76500CE @ 238.86 -- SENSEX OI Short Squeeze breakout
2026-08-28,14:55:00,BANKNIFTY_VWAP_BB_LIQUIDITY_REBOUND_CE,SIGNAL(warmup-skipped),CE BANKNIFTY57200CE @ 506.83 -- BANKNIFTY BB liquidity sweep bounce above VWAP/EMA
2026-08-28,14:56:00,BANKNIFTY_RESISTANCE_REJECTION_5M_ITM,SIGNAL(warmup-skipped),PE BANKNIFTY57800PE @ 514.80 -- 5m BANKNIFTY resistance rejection off 20-EMA (57452.7) in 1H downtrend
2026-08-28,14:56:00,BANKNIFTY_GAMMA_WALL_BREAKOUT_PE,SIGNAL(warmup-skipped),PE BANKNIFTY57800PE @ 514.80 -- BANKNIFTY Gamma Wall / Put Support Breakdown
2026-08-28,14:57:00,BANKNIFTY_SUPPORT_BOUNCE_5M_ITM,SIGNAL(warmup-skipped),CE BANKNIFTY57200CE @ 505.03 -- 5m BANKNIFTY support bounce off 20-EMA (57452.7) in 1H uptrend
2026-08-28,15:10:00,BANKNIFTY_HEIKIN_ASHI_BEARISH_5M_ITM,SIGNAL(warmup-skipped),PE BANKNIFTY57800PE @ 523.59 -- 5m BANKNIFTY Heikin-Ashi bearish continuation below 1H 50-EMA
2026-08-28,15:11:00,BANKNIFTY_VWAP_BB_LIQUIDITY_REBOUND_CE,SIGNAL(warmup-skipped),CE BANKNIFTY57200CE @ 507.85 -- BANKNIFTY BB liquidity sweep bounce above VWAP/EMA
2026-08-28,15:12:00,BANKNIFTY_SUPPORT_BOUNCE_5M_ITM,SIGNAL(warmup-skipped),CE BANKNIFTY57200CE @ 511.08 -- 5m BANKNIFTY support bounce off 20-EMA (57433.4) in 1H uptrend
2026-08-28,15:15:00,BANKNIFTY_GAMMA_WALL_BREAKOUT_PE,SIGNAL(warmup-skipped),PE BANKNIFTY57800PE @ 522.87 -- BANKNIFTY Gamma Wall / Put Support Breakdown
2026-08-28,15:25:00,BANKNIFTY_HEIKIN_ASHI_BEARISH_5M_ITM,SIGNAL(warmup-skipped),PE BANKNIFTY57800PE @ 522.87 -- 5m BANKNIFTY Heikin-Ashi bearish continuation below 1H 50-EMA
2026-08-28,15:29:00,BANKNIFTY_SUPPORT_BOUNCE_5M_ITM,SIGNAL(warmup-skipped),CE BANKNIFTY57300CE @ 469.18 -- 5m BANKNIFTY support bounce off 20-EMA (57434.0) in 1H uptrend
2026-08-28,15:29:00,BANKNIFTY_VWAP_BB_LIQUIDITY_REBOUND_CE,SIGNAL(warmup-skipped),CE BANKNIFTY57300CE @ 469.18 -- BANKNIFTY BB liquidity sweep bounce above VWAP/EMA
2026-08-31,09:19:00,BANKNIFTY_SUPPORT_BOUNCE_1M_ATM,SIGNAL,"CE BANKNIFTY57500CE @ 166.40 -- Support bounce at 20-EMA, Close:57485.7 > EMA:57482.2"
2026-08-31,09:20:00,BANKNIFTY_SUPPORT_BOUNCE_1M_ATM,SIGNAL(skipped-already-open),"CE BANKNIFTY57500CE @ 191.74 -- Support bounce at 20-EMA, Close:57534.2 > EMA:57482.2"
2026-08-31,09:21:00,BANKNIFTY_SUPPORT_BOUNCE_1M_ATM,SIGNAL(skipped-already-open),"CE BANKNIFTY57500CE @ 184.88 -- Support bounce at 20-EMA, Close:57521.5 > EMA:57482.2"
2026-08-31,09:25:00,BANKNIFTY_DUAL_SUPERTREND_BB_CE,SIGNAL,CE BANKNIFTY57100CE @ 486.77 -- BANKNIFTY Dual Supertrend + BB trend lock UP
2026-08-31,09:27:00,BANKNIFTY_RESISTANCE_REJECTION_5M_ITM,SIGNAL,PE BANKNIFTY57900PE @ 492.40 -- 5m BANKNIFTY resistance rejection off 20-EMA (57467.8) in 1H downtrend
2026-08-31,09:27:00,BANKNIFTY_DUAL_SUPERTREND_BB_PE,SIGNAL,PE BANKNIFTY57900PE @ 492.40 -- BANKNIFTY Dual Supertrend + BB trend lock DOWN
2026-08-31,09:27:00,BANKNIFTY_GAMMA_WALL_BREAKOUT_PE,SIGNAL,PE BANKNIFTY57900PE @ 492.40 -- BANKNIFTY Gamma Wall / Put Support Breakdown
2026-08-31,09:32:00,BANKNIFTY_VWAP_BB_LIQUIDITY_REBOUND_CE,SIGNAL,CE BANKNIFTY57000CE @ 516.40 -- BANKNIFTY BB liquidity sweep bounce above VWAP/EMA
2026-08-31,09:39:00,BANKNIFTY_ORB_BEARISH_5M_ITM,SIGNAL,PE BANKNIFTY57900PE @ 508.71 -- 5m BANKNIFTY ORB breakdown below morning low 57408.3
2026-08-31,09:40:00,BANKNIFTY_HEIKIN_ASHI_BEARISH_5M_ITM,SIGNAL,PE BANKNIFTY57900PE @ 494.91 -- 5m BANKNIFTY Heikin-Ashi bearish continuation below 1H 50-EMA
2026-08-31,09:42:00,BANKNIFTY_DUAL_SUPERTREND_BB_PE,SIGNAL(skipped-already-open),PE BANKNIFTY57800PE @ 460.56 -- BANKNIFTY Dual Supertrend + BB trend lock DOWN
2026-08-31,09:55:00,BANKNIFTY_HEIKIN_ASHI_BEARISH_5M_ITM,SIGNAL(skipped-already-open),PE BANKNIFTY57800PE @ 498.14 -- 5m BANKNIFTY Heikin-Ashi bearish continuation below 1H 50-EMA
2026-08-31,09:57:00,BANKNIFTY_DUAL_SUPERTREND_BB_PE,SIGNAL(skipped-already-open),PE BANKNIFTY57800PE @ 511.94 -- BANKNIFTY Dual Supertrend + BB trend lock DOWN
2026-08-31,10:12:00,BANKNIFTY_DUAL_SUPERTREND_BB_PE,SIGNAL(skipped-already-open),PE BANKNIFTY57800PE @ 529.62 -- BANKNIFTY Dual Supertrend + BB trend lock DOWN
2026-08-31,10:15:00,BANKNIFTY_HEIKIN_ASHI_BEARISH_5M_ITM,SIGNAL(skipped-already-open),PE BANKNIFTY57800PE @ 531.12 -- 5m BANKNIFTY Heikin-Ashi bearish continuation below 1H 50-EMA
2026-08-31,10:27:00,BANKNIFTY_DUAL_SUPERTREND_BB_PE,SIGNAL,PE BANKNIFTY57700PE @ 458.30 -- BANKNIFTY Dual Supertrend + BB trend lock DOWN
2026-08-31,10:30:00,BANKNIFTY_HEIKIN_ASHI_BEARISH_5M_ITM,SIGNAL,PE BANKNIFTY57700PE @ 460.78 -- 5m BANKNIFTY Heikin-Ashi bearish continuation below 1H 50-EMA
2026-08-31,10:33:00,BANKNIFTY_ORB_BEARISH_1M_ATM,SIGNAL,PE BANKNIFTY57200PE @ 148.16 -- ORB breakdown below opening range low 57238.5
2026-08-31,10:42:00,BANKNIFTY_DUAL_SUPERTREND_BB_PE,SIGNAL(skipped-already-open),PE BANKNIFTY57700PE @ 522.74 -- BANKNIFTY Dual Supertrend + BB trend lock DOWN
2026-08-31,10:45:00,BANKNIFTY_HEIKIN_ASHI_BEARISH_5M_ITM,SIGNAL(skipped-already-open),PE BANKNIFTY57700PE @ 493.71 -- 5m BANKNIFTY Heikin-Ashi bearish continuation below 1H 50-EMA
2026-08-31,10:57:00,BANKNIFTY_DUAL_SUPERTREND_BB_PE,SIGNAL(skipped-already-open),PE BANKNIFTY57700PE @ 491.29 -- BANKNIFTY Dual Supertrend + BB trend lock DOWN
2026-08-31,11:12:00,BANKNIFTY_DUAL_SUPERTREND_BB_PE,SIGNAL,PE BANKNIFTY57700PE @ 505.08 -- BANKNIFTY Dual Supertrend + BB trend lock DOWN
2026-08-31,11:22:00,BANKNIFTY_VWAP_BB_LIQUIDITY_REBOUND_CE,SIGNAL,CE BANKNIFTY56800CE @ 512.91 -- BANKNIFTY BB liquidity sweep bounce above VWAP/EMA
2026-08-31,11:23:00,BANKNIFTY_RESISTANCE_REJECTION_5M_ITM,SIGNAL,PE BANKNIFTY57800PE @ 540.04 -- 5m BANKNIFTY resistance rejection off 20-EMA (57274.2) in 1H downtrend
2026-08-31,11:23:00,BANKNIFTY_GAMMA_WALL_BREAKOUT_PE,SIGNAL,PE BANKNIFTY57800PE @ 540.04 -- BANKNIFTY Gamma Wall / Put Support Breakdown
2026-08-31,11:28:00,BANKNIFTY_DUAL_SUPERTREND_BB_PE,SIGNAL(skipped-already-open),PE BANKNIFTY57800PE @ 539.55 -- BANKNIFTY Dual Supertrend + BB trend lock DOWN
2026-08-31,11:40:00,BANKNIFTY_HEIKIN_ASHI_BULLISH_5M_ITM,SIGNAL,CE BANKNIFTY56900CE @ 484.17 -- 5m Heikin-Ashi bullish trend continuation above 1H 50-EMA
2026-08-31,11:40:00,BANKNIFTY_DUAL_SUPERTREND_BB_CE,SIGNAL,CE BANKNIFTY56900CE @ 484.17 -- BANKNIFTY Dual Supertrend + BB trend lock UP
2026-08-31,11:55:00,BANKNIFTY_HEIKIN_ASHI_BULLISH_5M_ITM,SIGNAL(skipped-already-open),CE BANKNIFTY57000CE @ 488.27 -- 5m Heikin-Ashi bullish trend continuation above 1H 50-EMA
2026-08-31,11:55:00,BANKNIFTY_DUAL_SUPERTREND_BB_CE,SIGNAL(skipped-already-open),CE BANKNIFTY57000CE @ 488.27 -- BANKNIFTY Dual Supertrend + BB trend lock UP
2026-08-31,12:10:00,BANKNIFTY_DUAL_SUPERTREND_BB_CE,SIGNAL(skipped-already-open),CE BANKNIFTY56900CE @ 539.24 -- BANKNIFTY Dual Supertrend + BB trend lock UP
2026-08-31,12:25:00,BANKNIFTY_DUAL_SUPERTREND_BB_CE,SIGNAL(skipped-already-open),CE BANKNIFTY56900CE @ 529.01 -- BANKNIFTY Dual Supertrend + BB trend lock UP
2026-08-31,12:30:00,BANKNIFTY_RESISTANCE_REJECTION_5M_ITM,SIGNAL,PE BANKNIFTY57800PE @ 469.36 -- 5m BANKNIFTY resistance rejection off 20-EMA (57355.4) in 1H downtrend
2026-08-31,12:30:00,BANKNIFTY_DUAL_SUPERTREND_BB_PE,SIGNAL,PE BANKNIFTY57800PE @ 469.36 -- BANKNIFTY Dual Supertrend + BB trend lock DOWN
2026-08-31,12:30:00,BANKNIFTY_GAMMA_WALL_BREAKOUT_PE,SIGNAL,PE BANKNIFTY57800PE @ 469.36 -- BANKNIFTY Gamma Wall / Put Support Breakdown
2026-08-31,12:31:00,BANKNIFTY_VWAP_BB_LIQUIDITY_REBOUND_CE,SIGNAL,CE BANKNIFTY56900CE @ 497.03 -- BANKNIFTY BB liquidity sweep bounce above VWAP/EMA
2026-08-31,12:35:00,BANKNIFTY_HEIKIN_ASHI_BEARISH_5M_ITM,SIGNAL,PE BANKNIFTY57900PE @ 543.10 -- 5m BANKNIFTY Heikin-Ashi bearish continuation below 1H 50-EMA
2026-08-31,12:40:00,BANKNIFTY_DUAL_SUPERTREND_BB_CE,SIGNAL,CE BANKNIFTY56900CE @ 516.94 -- BANKNIFTY Dual Supertrend + BB trend lock UP
2026-08-31,12:45:00,BANKNIFTY_RESISTANCE_REJECTION_5M_ITM,SIGNAL(skipped-already-open),PE BANKNIFTY57800PE @ 465.76 -- 5m BANKNIFTY resistance rejection off 20-EMA (57359.5) in 1H downtrend
2026-08-31,12:45:00,BANKNIFTY_DUAL_SUPERTREND_BB_PE,SIGNAL(skipped-already-open),PE BANKNIFTY57800PE @ 465.76 -- BANKNIFTY Dual Supertrend + BB trend lock DOWN
2026-08-31,12:45:00,BANKNIFTY_GAMMA_WALL_BREAKOUT_PE,SIGNAL(skipped-already-open),PE BANKNIFTY57800PE @ 465.76 -- BANKNIFTY Gamma Wall / Put Support Breakdown
2026-08-31,12:54:00,BANKNIFTY_VWAP_BB_LIQUIDITY_REBOUND_CE,SIGNAL,CE BANKNIFTY56900CE @ 506.67 -- BANKNIFTY BB liquidity sweep bounce above VWAP/EMA
2026-08-31,13:00:00,BANKNIFTY_RESISTANCE_REJECTION_5M_ITM,SIGNAL(skipped-already-open),PE BANKNIFTY57800PE @ 475.57 -- 5m BANKNIFTY resistance rejection off 20-EMA (57359.2) in 1H downtrend
2026-08-31,13:00:00,BANKNIFTY_DUAL_SUPERTREND_BB_PE,SIGNAL(skipped-already-open),PE BANKNIFTY57800PE @ 475.57 -- BANKNIFTY Dual Supertrend + BB trend lock DOWN
2026-08-31,13:00:00,BANKNIFTY_GAMMA_WALL_BREAKOUT_PE,SIGNAL(skipped-already-open),PE BANKNIFTY57800PE @ 475.57 -- BANKNIFTY Gamma Wall / Put Support Breakdown
2026-08-31,13:10:00,BANKNIFTY_VWAP_BB_LIQUIDITY_REBOUND_CE,SIGNAL(skipped-already-open),CE BANKNIFTY56900CE @ 498.03 -- BANKNIFTY BB liquidity sweep bounce above VWAP/EMA
2026-08-31,13:12:00,BANKNIFTY_SUPPORT_BOUNCE_5M_ITM,SIGNAL,CE BANKNIFTY56900CE @ 519.41 -- 5m BANKNIFTY support bounce off 20-EMA (57359.1) in 1H uptrend
2026-08-31,13:12:00,BANKNIFTY_DUAL_SUPERTREND_BB_CE,SIGNAL(skipped-already-open),CE BANKNIFTY56900CE @ 519.41 -- BANKNIFTY Dual Supertrend + BB trend lock UP
2026-08-31,13:13:00,BANKNIFTY_SUPPORT_BOUNCE_1M_ATM,SIGNAL,"CE BANKNIFTY57400CE @ 170.19 -- Support bounce at 20-EMA, Close:57393.8 > EMA:57378.6"
2026-08-31,13:14:00,BANKNIFTY_SUPPORT_BOUNCE_1M_ATM,SIGNAL(skipped-already-open),"CE BANKNIFTY57400CE @ 183.70 -- Support bounce at 20-EMA, Close:57419.8 > EMA:57378.6"
2026-08-31,13:20:00,BANKNIFTY_HEIKIN_ASHI_BULLISH_5M_ITM,SIGNAL,CE BANKNIFTY56900CE @ 526.66 -- 5m Heikin-Ashi bullish trend continuation above 1H 50-EMA
2026-08-31,13:27:00,BANKNIFTY_DUAL_SUPERTREND_BB_CE,SIGNAL(skipped-already-open),CE BANKNIFTY57000CE @ 467.60 -- BANKNIFTY Dual Supertrend + BB trend lock UP
2026-08-31,13:42:00,BANKNIFTY_GAMMA_WALL_BREAKOUT_PE,SIGNAL(skipped-already-open),PE BANKNIFTY57900PE @ 532.88 -- BANKNIFTY Gamma Wall / Put Support Breakdown
2026-08-31,13:43:00,BANKNIFTY_RESISTANCE_REJECTION_5M_ITM,SIGNAL(skipped-already-open),PE BANKNIFTY57900PE @ 540.03 -- 5m BANKNIFTY resistance rejection off 20-EMA (57382.0) in 1H downtrend
2026-08-31,13:43:00,BANKNIFTY_DUAL_SUPERTREND_BB_PE,SIGNAL(skipped-already-open),PE BANKNIFTY57900PE @ 540.03 -- BANKNIFTY Dual Supertrend + BB trend lock DOWN
2026-08-31,13:45:00,BANKNIFTY_HEIKIN_ASHI_BEARISH_5M_ITM,SIGNAL,PE BANKNIFTY57800PE @ 456.90 -- 5m BANKNIFTY Heikin-Ashi bearish continuation below 1H 50-EMA
2026-08-31,13:48:00,BANKNIFTY_SUPPORT_BOUNCE_5M_ITM,SIGNAL,CE BANKNIFTY56900CE @ 518.53 -- 5m BANKNIFTY support bounce off 20-EMA (57380.1) in 1H uptrend
2026-08-31,13:48:00,BANKNIFTY_DUAL_SUPERTREND_BB_CE,SIGNAL,CE BANKNIFTY56900CE @ 518.53 -- BANKNIFTY Dual Supertrend + BB trend lock UP
2026-08-31,13:48:00,BANKNIFTY_VWAP_BB_LIQUIDITY_REBOUND_CE,SIGNAL,CE BANKNIFTY56900CE @ 518.53 -- BANKNIFTY BB liquidity sweep bounce above VWAP/EMA
2026-08-31,13:58:00,BANKNIFTY_DUAL_SUPERTREND_BB_PE,SIGNAL(skipped-already-open),PE BANKNIFTY57800PE @ 469.44 -- BANKNIFTY Dual Supertrend + BB trend lock DOWN
2026-08-31,14:00:00,BANKNIFTY_HEIKIN_ASHI_BEARISH_5M_ITM,SIGNAL(skipped-already-open),PE BANKNIFTY57800PE @ 475.48 -- 5m BANKNIFTY Heikin-Ashi bearish continuation below 1H 50-EMA
2026-08-31,14:09:00,BANKNIFTY_GAMMA_WALL_BREAKOUT_PE,SIGNAL,PE BANKNIFTY57800PE @ 485.93 -- BANKNIFTY Gamma Wall / Put Support Breakdown
2026-08-31,14:13:00,BANKNIFTY_DUAL_SUPERTREND_BB_PE,SIGNAL,PE BANKNIFTY57800PE @ 502.13 -- BANKNIFTY Dual Supertrend + BB trend lock DOWN
2026-08-31,14:15:00,BANKNIFTY_HEIKIN_ASHI_BEARISH_1M_ATM,SIGNAL,"PE BANKNIFTY57300PE @ 144.38 -- Heikin Ashi bearish, no upper wick, price below 50-EMA"
2026-08-31,14:15:00,BANKNIFTY_HEIKIN_ASHI_BEARISH_5M_ITM,SIGNAL,PE BANKNIFTY57800PE @ 482.02 -- 5m BANKNIFTY Heikin-Ashi bearish continuation below 1H 50-EMA
2026-08-31,14:16:00,BANKNIFTY_HEIKIN_ASHI_BEARISH_1M_ATM,SIGNAL(skipped-already-open),"PE BANKNIFTY57300PE @ 148.93 -- Heikin Ashi bearish, no upper wick, price below 50-EMA"
2026-08-31,14:17:00,BANKNIFTY_HEIKIN_ASHI_BEARISH_1M_ATM,SIGNAL(skipped-already-open),"PE BANKNIFTY57300PE @ 149.87 -- Heikin Ashi bearish, no upper wick, price below 50-EMA"
2026-08-31,14:18:00,BANKNIFTY_HEIKIN_ASHI_BEARISH_1M_ATM,SIGNAL(skipped-already-open),"PE BANKNIFTY57300PE @ 153.90 -- Heikin Ashi bearish, no upper wick, price below 50-EMA"
2026-08-31,14:19:00,BANKNIFTY_HEIKIN_ASHI_BEARISH_1M_ATM,SIGNAL(skipped-already-open),"PE BANKNIFTY57300PE @ 155.84 -- Heikin Ashi bearish, no upper wick, price below 50-EMA"
2026-08-31,14:20:00,BANKNIFTY_HEIKIN_ASHI_BEARISH_1M_ATM,SIGNAL(skipped-already-open),"PE BANKNIFTY57300PE @ 168.99 -- Heikin Ashi bearish, no upper wick, price below 50-EMA"
2026-08-31,14:21:00,BANKNIFTY_HEIKIN_ASHI_BEARISH_1M_ATM,SIGNAL(skipped-already-open),"PE BANKNIFTY57300PE @ 173.56 -- Heikin Ashi bearish, no upper wick, price below 50-EMA"
2026-08-31,14:22:00,BANKNIFTY_HEIKIN_ASHI_BEARISH_1M_ATM,SIGNAL(skipped-already-open),"PE BANKNIFTY57300PE @ 183.24 -- Heikin Ashi bearish, no upper wick, price below 50-EMA"
2026-08-31,14:23:00,BANKNIFTY_HEIKIN_ASHI_BEARISH_1M_ATM,SIGNAL(skipped-already-open),"PE BANKNIFTY57200PE @ 140.59 -- Heikin Ashi bearish, no upper wick, price below 50-EMA"
2026-08-31,14:24:00,BANKNIFTY_HEIKIN_ASHI_BEARISH_1M_ATM,SIGNAL(skipped-already-open),"PE BANKNIFTY57300PE @ 171.78 -- Heikin Ashi bearish, no upper wick, price below 50-EMA"
2026-08-31,14:25:00,BANKNIFTY_HEIKIN_ASHI_BEARISH_1M_ATM,SIGNAL(skipped-already-open),"PE BANKNIFTY57300PE @ 170.82 -- Heikin Ashi bearish, no upper wick, price below 50-EMA"
2026-08-31,14:26:00,BANKNIFTY_HEIKIN_ASHI_BEARISH_1M_ATM,SIGNAL(skipped-already-open),"PE BANKNIFTY57300PE @ 166.71 -- Heikin Ashi bearish, no upper wick, price below 50-EMA"
2026-08-31,14:27:00,BANKNIFTY_HEIKIN_ASHI_BEARISH_1M_ATM,SIGNAL(skipped-already-open),"PE BANKNIFTY57300PE @ 169.51 -- Heikin Ashi bearish, no upper wick, price below 50-EMA"
2026-08-31,14:28:00,BANKNIFTY_HEIKIN_ASHI_BEARISH_1M_ATM,SIGNAL(skipped-already-open),"PE BANKNIFTY57300PE @ 173.46 -- Heikin Ashi bearish, no upper wick, price below 50-EMA"
2026-08-31,14:28:00,BANKNIFTY_DUAL_SUPERTREND_BB_PE,SIGNAL,PE BANKNIFTY57800PE @ 534.75 -- BANKNIFTY Dual Supertrend + BB trend lock DOWN
2026-08-31,14:29:00,BANKNIFTY_HEIKIN_ASHI_BEARISH_1M_ATM,SIGNAL(skipped-already-open),"PE BANKNIFTY57300PE @ 174.25 -- Heikin Ashi bearish, no upper wick, price below 50-EMA"
2026-08-31,14:30:00,BANKNIFTY_HEIKIN_ASHI_BEARISH_1M_ATM,SIGNAL(skipped-already-open),"PE BANKNIFTY57300PE @ 163.67 -- Heikin Ashi bearish, no upper wick, price below 50-EMA"
2026-08-31,14:30:00,BANKNIFTY_MACD_BEARISH_1M_ATM,SIGNAL,"PE BANKNIFTY57300PE @ 163.67 -- MACD bearish cross, price below 50-EMA"
2026-08-31,14:30:00,BANKNIFTY_HEIKIN_ASHI_BEARISH_5M_ITM,SIGNAL(skipped-already-open),PE BANKNIFTY57800PE @ 517.50 -- 5m BANKNIFTY Heikin-Ashi bearish continuation below 1H 50-EMA
2026-08-31,14:31:00,BANKNIFTY_HEIKIN_ASHI_BEARISH_1M_ATM,SIGNAL,"PE BANKNIFTY57300PE @ 154.61 -- Heikin Ashi bearish, no upper wick, price below 50-EMA"
2026-08-31,14:31:00,BANKNIFTY_MACD_BEARISH_1M_ATM,SIGNAL(skipped-already-open),"PE BANKNIFTY57300PE @ 154.61 -- MACD bearish cross, price below 50-EMA"
2026-08-31,14:32:00,BANKNIFTY_HEIKIN_ASHI_BEARISH_1M_ATM,SIGNAL(skipped-already-open),"PE BANKNIFTY57300PE @ 143.38 -- Heikin Ashi bearish, no upper wick, price below 50-EMA"
2026-08-31,14:32:00,BANKNIFTY_MACD_BEARISH_1M_ATM,SIGNAL(skipped-already-open),"PE BANKNIFTY57300PE @ 143.38 -- MACD bearish cross, price below 50-EMA"
2026-08-31,14:33:00,BANKNIFTY_HEIKIN_ASHI_BEARISH_1M_ATM,SIGNAL(skipped-already-open),"PE BANKNIFTY57300PE @ 150.64 -- Heikin Ashi bearish, no upper wick, price below 50-EMA"
2026-08-31,14:33:00,BANKNIFTY_MACD_BEARISH_1M_ATM,SIGNAL(skipped-already-open),"PE BANKNIFTY57300PE @ 150.64 -- MACD bearish cross, price below 50-EMA"
2026-08-31,14:33:00,BANKNIFTY_RESISTANCE_REJECTION_5M_ITM,SIGNAL,PE BANKNIFTY57800PE @ 493.77 -- 5m BANKNIFTY resistance rejection off 20-EMA (57343.8) in 1H downtrend
2026-08-31,14:33:00,BANKNIFTY_GAMMA_WALL_BREAKOUT_PE,SIGNAL,PE BANKNIFTY57800PE @ 493.77 -- BANKNIFTY Gamma Wall / Put Support Breakdown
2026-08-31,14:34:00,BANKNIFTY_HEIKIN_ASHI_BEARISH_1M_ATM,SIGNAL(skipped-already-open),"PE BANKNIFTY57300PE @ 139.46 -- Heikin Ashi bearish, no upper wick, price below 50-EMA"
2026-08-31,14:34:00,BANKNIFTY_MACD_BEARISH_1M_ATM,SIGNAL(skipped-already-open),"PE BANKNIFTY57300PE @ 139.46 -- MACD bearish cross, price below 50-EMA"
2026-08-31,14:34:00,BANKNIFTY_VWAP_BB_LIQUIDITY_REBOUND_CE,SIGNAL,CE BANKNIFTY56900CE @ 488.36 -- BANKNIFTY BB liquidity sweep bounce above VWAP/EMA
2026-08-31,14:35:00,BANKNIFTY_HEIKIN_ASHI_BEARISH_1M_ATM,SIGNAL(skipped-already-open),"PE BANKNIFTY57300PE @ 141.77 -- Heikin Ashi bearish, no upper wick, price below 50-EMA"
2026-08-31,14:35:00,BANKNIFTY_MACD_BEARISH_1M_ATM,SIGNAL(skipped-already-open),"PE BANKNIFTY57300PE @ 141.77 -- MACD bearish cross, price below 50-EMA"
2026-08-31,14:36:00,BANKNIFTY_HEIKIN_ASHI_BEARISH_1M_ATM,SIGNAL(skipped-already-open),"PE BANKNIFTY57300PE @ 146.03 -- Heikin Ashi bearish, no upper wick, price below 50-EMA"
2026-08-31,14:36:00,BANKNIFTY_MACD_BEARISH_1M_ATM,SIGNAL(skipped-already-open),"PE BANKNIFTY57300PE @ 146.03 -- MACD bearish cross, price below 50-EMA"
2026-08-31,14:37:00,BANKNIFTY_HEIKIN_ASHI_BEARISH_1M_ATM,SIGNAL(skipped-already-open),"PE BANKNIFTY57300PE @ 142.82 -- Heikin Ashi bearish, no upper wick, price below 50-EMA"
2026-08-31,14:37:00,BANKNIFTY_MACD_BEARISH_1M_ATM,SIGNAL(skipped-already-open),"PE BANKNIFTY57300PE @ 142.82 -- MACD bearish cross, price below 50-EMA"
2026-08-31,14:38:00,BANKNIFTY_HEIKIN_ASHI_BEARISH_1M_ATM,SIGNAL(skipped-already-open),"PE BANKNIFTY57300PE @ 142.51 -- Heikin Ashi bearish, no upper wick, price below 50-EMA"
2026-08-31,14:38:00,BANKNIFTY_MACD_BEARISH_1M_ATM,SIGNAL(skipped-already-open),"PE BANKNIFTY57300PE @ 142.51 -- MACD bearish cross, price below 50-EMA"
2026-08-31,14:39:00,BANKNIFTY_SUPPORT_BOUNCE_1M_ATM,SIGNAL,"CE BANKNIFTY57400CE @ 163.35 -- Support bounce at 20-EMA, Close:57380.1 > EMA:57372.3"
2026-08-31,14:39:00,BANKNIFTY_SUPPORT_BOUNCE_5M_ITM,SIGNAL,CE BANKNIFTY56900CE @ 515.84 -- 5m BANKNIFTY support bounce off 20-EMA (57344.3) in 1H uptrend
2026-08-31,14:39:00,BANKNIFTY_DUAL_SUPERTREND_BB_CE,SIGNAL,CE BANKNIFTY56900CE @ 515.84 -- BANKNIFTY Dual Supertrend + BB trend lock UP
2026-08-31,14:40:00,BANKNIFTY_HEIKIN_ASHI_BULLISH_5M_ITM,SIGNAL,CE BANKNIFTY56900CE @ 540.45 -- 5m Heikin-Ashi bullish trend continuation above 1H 50-EMA
2026-08-31,14:45:00,BANKNIFTY_MACD_BULLISH_1M_ATM,SIGNAL,"CE BANKNIFTY57400CE @ 198.81 -- MACD bullish cross, price above 50-EMA"
2026-08-31,14:46:00,BANKNIFTY_MACD_BULLISH_1M_ATM,SIGNAL(skipped-already-open),"CE BANKNIFTY57500CE @ 192.01 -- MACD bullish cross, price above 50-EMA"
2026-08-31,14:47:00,BANKNIFTY_MACD_BULLISH_1M_ATM,SIGNAL,"CE BANKNIFTY57500CE @ 155.86 -- MACD bullish cross, price above 50-EMA"
2026-08-31,14:48:00,BANKNIFTY_MACD_BULLISH_1M_ATM,SIGNAL(skipped-already-open),"CE BANKNIFTY57400CE @ 192.72 -- MACD bullish cross, price above 50-EMA"
2026-08-31,14:49:00,BANKNIFTY_MACD_BULLISH_1M_ATM,SIGNAL(skipped-already-open),"CE BANKNIFTY57400CE @ 182.29 -- MACD bullish cross, price above 50-EMA"
2026-08-31,14:50:00,BANKNIFTY_MACD_BULLISH_1M_ATM,SIGNAL(skipped-already-open),"CE BANKNIFTY57400CE @ 191.93 -- MACD bullish cross, price above 50-EMA"
2026-08-31,14:51:00,BANKNIFTY_MACD_BULLISH_1M_ATM,SIGNAL(skipped-already-open),"CE BANKNIFTY57400CE @ 190.84 -- MACD bullish cross, price above 50-EMA"
2026-08-31,14:52:00,BANKNIFTY_MACD_BULLISH_1M_ATM,SIGNAL(skipped-already-open),"CE BANKNIFTY57500CE @ 150.40 -- MACD bullish cross, price above 50-EMA"
2026-08-31,14:53:00,BANKNIFTY_MACD_BULLISH_1M_ATM,SIGNAL(skipped-already-open),"CE BANKNIFTY57500CE @ 149.59 -- MACD bullish cross, price above 50-EMA"
2026-08-31,14:54:00,BANKNIFTY_MACD_BULLISH_1M_ATM,SIGNAL(skipped-already-open),"CE BANKNIFTY57500CE @ 159.88 -- MACD bullish cross, price above 50-EMA"
2026-08-31,14:54:00,BANKNIFTY_DUAL_SUPERTREND_BB_CE,SIGNAL,CE BANKNIFTY57000CE @ 509.25 -- BANKNIFTY Dual Supertrend + BB trend lock UP
2026-08-31,14:55:00,BANKNIFTY_MACD_BULLISH_1M_ATM,SIGNAL(skipped-already-open),"CE BANKNIFTY57500CE @ 164.86 -- MACD bullish cross, price above 50-EMA"
2026-08-31,14:55:00,BANKNIFTY_HEIKIN_ASHI_BULLISH_5M_ITM,SIGNAL,CE BANKNIFTY57000CE @ 518.16 -- 5m Heikin-Ashi bullish trend continuation above 1H 50-EMA
2026-08-31,14:56:00,BANKNIFTY_MACD_BULLISH_1M_ATM,SIGNAL(skipped-already-open),"CE BANKNIFTY57500CE @ 149.66 -- MACD bullish cross, price above 50-EMA"
2026-08-31,14:57:00,BANKNIFTY_MACD_BULLISH_1M_ATM,SIGNAL(skipped-already-open),"CE BANKNIFTY57500CE @ 149.73 -- MACD bullish cross, price above 50-EMA"
2026-08-31,14:58:00,BANKNIFTY_MACD_BULLISH_1M_ATM,SIGNAL(skipped-already-open),"CE BANKNIFTY57500CE @ 149.43 -- MACD bullish cross, price above 50-EMA"
2026-08-31,14:59:00,BANKNIFTY_MACD_BULLISH_1M_ATM,SIGNAL(skipped-already-open),"CE BANKNIFTY57400CE @ 193.29 -- MACD bullish cross, price above 50-EMA"
2026-08-31,15:01:00,BANKNIFTY_SUPPORT_BOUNCE_1M_ATM,SIGNAL,"CE BANKNIFTY57400CE @ 187.62 -- Support bounce at 20-EMA, Close:57427.2 > EMA:57390.5"
2026-08-31,15:06:00,BANKNIFTY_SUPPORT_BOUNCE_1M_ATM,SIGNAL(skipped-already-open),"CE BANKNIFTY57400CE @ 173.45 -- Support bounce at 20-EMA, Close:57400.2 > EMA:57390.5"
2026-08-31,15:06:00,BANKNIFTY_SUPPORT_BOUNCE_5M_ITM,SIGNAL,CE BANKNIFTY56900CE @ 533.63 -- 5m BANKNIFTY support bounce off 20-EMA (57379.1) in 1H uptrend
2026-08-31,15:06:00,BANKNIFTY_VWAP_BB_LIQUIDITY_REBOUND_CE,SIGNAL,CE BANKNIFTY56900CE @ 533.63 -- BANKNIFTY BB liquidity sweep bounce above VWAP/EMA
2026-08-31,15:07:00,BANKNIFTY_SUPPORT_BOUNCE_1M_ATM,SIGNAL(skipped-already-open),"CE BANKNIFTY57400CE @ 186.52 -- Support bounce at 20-EMA, Close:57425.2 > EMA:57390.5"
2026-08-31,15:09:00,BANKNIFTY_DUAL_SUPERTREND_BB_CE,SIGNAL(skipped-already-open),CE BANKNIFTY57000CE @ 457.22 -- BANKNIFTY Dual Supertrend + BB trend lock UP
2026-08-31,15:24:00,BANKNIFTY_DUAL_SUPERTREND_BB_CE,SIGNAL,CE BANKNIFTY56900CE @ 531.10 -- BANKNIFTY Dual Supertrend + BB trend lock UP
2026-08-31,15:29:00,BANKNIFTY_ORB_BULLISH_5M_ITM,SIGNAL,CE BANKNIFTY57600CE @ 469.37 -- 5m BANKNIFTY ORB breakout above morning high 57576.2
2026-09-01,09:25:00,BANKNIFTY_HEIKIN_ASHI_BEARISH_5M_ITM,SIGNAL,PE BANKNIFTY57900PE @ 510.86 -- 5m BANKNIFTY Heikin-Ashi bearish continuation below 1H 50-EMA
2026-09-01,09:25:00,BANKNIFTY_DUAL_SUPERTREND_BB_PE,SIGNAL,PE BANKNIFTY57900PE @ 510.86 -- BANKNIFTY Dual Supertrend + BB trend lock DOWN
2026-09-01,09:26:00,BANKNIFTY_VWAP_BB_LIQUIDITY_REBOUND_CE,SIGNAL,CE BANKNIFTY57000CE @ 451.94 -- BANKNIFTY BB liquidity sweep bounce above VWAP/EMA
2026-09-01,09:27:00,BANKNIFTY_RESISTANCE_REJECTION_5M_ITM,SIGNAL,PE BANKNIFTY57900PE @ 468.68 -- 5m BANKNIFTY resistance rejection off 20-EMA (57444.9) in 1H downtrend
2026-09-01,09:27:00,BANKNIFTY_GAMMA_WALL_BREAKOUT_PE,SIGNAL,PE BANKNIFTY57900PE @ 468.68 -- BANKNIFTY Gamma Wall / Put Support Breakdown
2026-09-01,09:40:00,BANKNIFTY_DUAL_SUPERTREND_BB_PE,SIGNAL(skipped-already-open),PE BANKNIFTY57900PE @ 509.45 -- BANKNIFTY Dual Supertrend + BB trend lock DOWN
2026-09-01,09:45:00,BANKNIFTY_HEIKIN_ASHI_BEARISH_1M_ATM,SIGNAL,"PE BANKNIFTY57400PE @ 103.77 -- Heikin Ashi bearish, no upper wick, price below 50-EMA"
2026-09-01,09:45:00,BANKNIFTY_HEIKIN_ASHI_BEARISH_5M_ITM,SIGNAL(skipped-already-open),PE BANKNIFTY57900PE @ 540.48 -- 5m BANKNIFTY Heikin-Ashi bearish continuation below 1H 50-EMA
2026-09-01,09:46:00,BANKNIFTY_HEIKIN_ASHI_BEARISH_1M_ATM,SIGNAL(skipped-already-open),"PE BANKNIFTY57400PE @ 96.60 -- Heikin Ashi bearish, no upper wick, price below 50-EMA"
2026-09-01,09:47:00,BANKNIFTY_HEIKIN_ASHI_BEARISH_1M_ATM,SIGNAL(skipped-already-open),"PE BANKNIFTY57300PE @ 61.53 -- Heikin Ashi bearish, no upper wick, price below 50-EMA"
2026-09-01,09:47:00,BANKNIFTY_ORB_BEARISH_1M_ATM,SIGNAL,PE BANKNIFTY57300PE @ 61.53 -- ORB breakdown below opening range low 57343.5
2026-09-01,09:47:00,BANKNIFTY_ORB_BEARISH_5M_ITM,SIGNAL,PE BANKNIFTY57800PE @ 456.63 -- 5m BANKNIFTY ORB breakdown below morning low 57343.5
2026-09-01,09:48:00,BANKNIFTY_HEIKIN_ASHI_BEARISH_1M_ATM,SIGNAL(skipped-already-open),"PE BANKNIFTY57300PE @ 64.98 -- Heikin Ashi bearish, no upper wick, price below 50-EMA"
2026-09-01,09:49:00,BANKNIFTY_HEIKIN_ASHI_BEARISH_1M_ATM,SIGNAL,"PE BANKNIFTY57400PE @ 100.20 -- Heikin Ashi bearish, no upper wick, price below 50-EMA"
2026-09-01,09:50:00,BANKNIFTY_HEIKIN_ASHI_BEARISH_1M_ATM,SIGNAL(skipped-already-open),"PE BANKNIFTY57400PE @ 89.24 -- Heikin Ashi bearish, no upper wick, price below 50-EMA"
2026-09-01,09:51:00,BANKNIFTY_HEIKIN_ASHI_BEARISH_1M_ATM,SIGNAL(skipped-already-open),"PE BANKNIFTY57300PE @ 57.93 -- Heikin Ashi bearish, no upper wick, price below 50-EMA"
2026-09-01,09:52:00,BANKNIFTY_HEIKIN_ASHI_BEARISH_1M_ATM,SIGNAL(skipped-already-open),"PE BANKNIFTY57400PE @ 97.89 -- Heikin Ashi bearish, no upper wick, price below 50-EMA"
2026-09-01,09:53:00,BANKNIFTY_HEIKIN_ASHI_BEARISH_1M_ATM,SIGNAL(skipped-already-open),"PE BANKNIFTY57400PE @ 92.08 -- Heikin Ashi bearish, no upper wick, price below 50-EMA"
2026-09-01,09:54:00,BANKNIFTY_HEIKIN_ASHI_BEARISH_1M_ATM,SIGNAL(skipped-already-open),"PE BANKNIFTY57400PE @ 100.46 -- Heikin Ashi bearish, no upper wick, price below 50-EMA"
2026-09-01,09:55:00,BANKNIFTY_HEIKIN_ASHI_BEARISH_1M_ATM,SIGNAL(skipped-already-open),"PE BANKNIFTY57400PE @ 98.81 -- Heikin Ashi bearish, no upper wick, price below 50-EMA"
2026-09-01,09:55:00,BANKNIFTY_DUAL_SUPERTREND_BB_PE,SIGNAL,PE BANKNIFTY57900PE @ 533.85 -- BANKNIFTY Dual Supertrend + BB trend lock DOWN
2026-09-01,09:56:00,BANKNIFTY_HEIKIN_ASHI_BEARISH_1M_ATM,SIGNAL(skipped-already-open),"PE BANKNIFTY57400PE @ 100.51 -- Heikin Ashi bearish, no upper wick, price below 50-EMA"
2026-09-01,09:57:00,BANKNIFTY_HEIKIN_ASHI_BEARISH_1M_ATM,SIGNAL(skipped-already-open),"PE BANKNIFTY57400PE @ 96.75 -- Heikin Ashi bearish, no upper wick, price below 50-EMA"
2026-09-01,09:58:00,BANKNIFTY_HEIKIN_ASHI_BEARISH_1M_ATM,SIGNAL(skipped-already-open),"PE BANKNIFTY57400PE @ 104.42 -- Heikin Ashi bearish, no upper wick, price below 50-EMA"
2026-09-01,09:59:00,BANKNIFTY_HEIKIN_ASHI_BEARISH_1M_ATM,SIGNAL(skipped-already-open),"PE BANKNIFTY57400PE @ 101.06 -- Heikin Ashi bearish, no upper wick, price below 50-EMA"
2026-09-01,10:00:00,BANKNIFTY_HEIKIN_ASHI_BEARISH_1M_ATM,SIGNAL(skipped-already-open),"PE BANKNIFTY57400PE @ 93.77 -- Heikin Ashi bearish, no upper wick, price below 50-EMA"
2026-09-01,10:01:00,BANKNIFTY_HEIKIN_ASHI_BEARISH_1M_ATM,SIGNAL(skipped-already-open),"PE BANKNIFTY57400PE @ 101.15 -- Heikin Ashi bearish, no upper wick, price below 50-EMA"
2026-09-01,10:02:00,BANKNIFTY_HEIKIN_ASHI_BEARISH_1M_ATM,SIGNAL(skipped-already-open),"PE BANKNIFTY57400PE @ 92.99 -- Heikin Ashi bearish, no upper wick, price below 50-EMA"
2026-09-01,10:03:00,BANKNIFTY_HEIKIN_ASHI_BEARISH_1M_ATM,SIGNAL(skipped-already-open),"PE BANKNIFTY57400PE @ 86.86 -- Heikin Ashi bearish, no upper wick, price below 50-EMA"
2026-09-01,10:04:00,BANKNIFTY_HEIKIN_ASHI_BEARISH_1M_ATM,SIGNAL(skipped-already-open),"PE BANKNIFTY57400PE @ 82.70 -- Heikin Ashi bearish, no upper wick, price below 50-EMA"
2026-09-01,10:05:00,BANKNIFTY_HEIKIN_ASHI_BEARISH_1M_ATM,SIGNAL(skipped-already-open),"PE BANKNIFTY57400PE @ 88.42 -- Heikin Ashi bearish, no upper wick, price below 50-EMA"
2026-09-01,10:06:00,BANKNIFTY_HEIKIN_ASHI_BEARISH_1M_ATM,SIGNAL(skipped-already-open),"PE BANKNIFTY57300PE @ 59.43 -- Heikin Ashi bearish, no upper wick, price below 50-EMA"
2026-09-01,10:07:00,BANKNIFTY_HEIKIN_ASHI_BEARISH_1M_ATM,SIGNAL,"PE BANKNIFTY57400PE @ 99.62 -- Heikin Ashi bearish, no upper wick, price below 50-EMA"
2026-09-01,10:08:00,BANKNIFTY_HEIKIN_ASHI_BEARISH_1M_ATM,SIGNAL(skipped-already-open),"PE BANKNIFTY57400PE @ 95.70 -- Heikin Ashi bearish, no upper wick, price below 50-EMA"
2026-09-01,10:09:00,BANKNIFTY_HEIKIN_ASHI_BEARISH_1M_ATM,SIGNAL(skipped-already-open),"PE BANKNIFTY57400PE @ 94.27 -- Heikin Ashi bearish, no upper wick, price below 50-EMA"
2026-09-01,10:10:00,BANKNIFTY_HEIKIN_ASHI_BEARISH_1M_ATM,SIGNAL(skipped-already-open),"PE BANKNIFTY57400PE @ 94.93 -- Heikin Ashi bearish, no upper wick, price below 50-EMA"
2026-09-01,10:10:00,BANKNIFTY_DUAL_SUPERTREND_BB_PE,SIGNAL,PE BANKNIFTY57900PE @ 530.12 -- BANKNIFTY Dual Supertrend + BB trend lock DOWN
2026-09-01,10:11:00,BANKNIFTY_HEIKIN_ASHI_BEARISH_1M_ATM,SIGNAL,"PE BANKNIFTY57400PE @ 78.41 -- Heikin Ashi bearish, no upper wick, price below 50-EMA"
2026-09-01,10:12:00,BANKNIFTY_HEIKIN_ASHI_BEARISH_1M_ATM,SIGNAL(skipped-already-open),"PE BANKNIFTY57400PE @ 76.54 -- Heikin Ashi bearish, no upper wick, price below 50-EMA"
2026-09-01,10:13:00,BANKNIFTY_HEIKIN_ASHI_BEARISH_1M_ATM,SIGNAL(skipped-already-open),"PE BANKNIFTY57400PE @ 78.97 -- Heikin Ashi bearish, no upper wick, price below 50-EMA"
2026-09-01,10:13:00,BANKNIFTY_GAMMA_WALL_BREAKOUT_PE,SIGNAL,PE BANKNIFTY57900PE @ 500.82 -- BANKNIFTY Gamma Wall / Put Support Breakdown
2026-09-01,10:14:00,BANKNIFTY_HEIKIN_ASHI_BEARISH_1M_ATM,SIGNAL(skipped-already-open),"PE BANKNIFTY57400PE @ 73.44 -- Heikin Ashi bearish, no upper wick, price below 50-EMA"
2026-09-01,10:15:00,BANKNIFTY_VWAP_BB_LIQUIDITY_REBOUND_CE,SIGNAL,CE BANKNIFTY56900CE @ 528.85 -- BANKNIFTY BB liquidity sweep bounce above VWAP/EMA
2026-09-01,10:30:00,BANKNIFTY_SUPPORT_BOUNCE_1M_ATM,SIGNAL,"CE BANKNIFTY57500CE @ 77.50 -- Support bounce at 20-EMA, Close:57499.2 > EMA:57482.2"
2026-09-01,10:30:00,BANKNIFTY_HEIKIN_ASHI_BULLISH_5M_ITM,SIGNAL,CE BANKNIFTY57000CE @ 501.79 -- 5m Heikin-Ashi bullish trend continuation above 1H 50-EMA
2026-09-01,10:30:00,BANKNIFTY_DUAL_SUPERTREND_BB_CE,SIGNAL,CE BANKNIFTY57000CE @ 501.79 -- BANKNIFTY Dual Supertrend + BB trend lock UP
2026-09-01,10:41:00,BANKNIFTY_RESISTANCE_REJECTION_5M_ITM,SIGNAL,PE BANKNIFTY57900PE @ 473.75 -- 5m BANKNIFTY resistance rejection off 20-EMA (57428.7) in 1H downtrend
2026-09-01,10:41:00,BANKNIFTY_DUAL_SUPERTREND_BB_PE,SIGNAL,PE BANKNIFTY57900PE @ 473.75 -- BANKNIFTY Dual Supertrend + BB trend lock DOWN
2026-09-01,10:41:00,BANKNIFTY_GAMMA_WALL_BREAKOUT_PE,SIGNAL,PE BANKNIFTY57900PE @ 473.75 -- BANKNIFTY Gamma Wall / Put Support Breakdown
2026-09-01,10:42:00,BANKNIFTY_VWAP_BB_LIQUIDITY_REBOUND_CE,SIGNAL,CE BANKNIFTY56900CE @ 534.40 -- BANKNIFTY BB liquidity sweep bounce above VWAP/EMA
2026-09-01,10:50:00,BANKNIFTY_ORB_BULLISH_5M_ITM,SIGNAL,CE BANKNIFTY57000CE @ 486.92 -- 5m BANKNIFTY ORB breakout above morning high 57462.9
2026-09-01,10:50:00,BANKNIFTY_DUAL_SUPERTREND_BB_CE,SIGNAL(skipped-already-open),CE BANKNIFTY57000CE @ 486.92 -- BANKNIFTY Dual Supertrend + BB trend lock UP
2026-09-01,10:53:00,BANKNIFTY_SUPPORT_BOUNCE_1M_ATM,SIGNAL,"CE BANKNIFTY57500CE @ 86.26 -- Support bounce at 20-EMA, Close:57521.7 > EMA:57482.2"
2026-09-01,11:00:00,BANKNIFTY_HEIKIN_ASHI_BULLISH_5M_ITM,SIGNAL,CE BANKNIFTY57000CE @ 499.02 -- 5m Heikin-Ashi bullish trend continuation above 1H 50-EMA
2026-09-01,11:05:00,BANKNIFTY_DUAL_SUPERTREND_BB_CE,SIGNAL,CE BANKNIFTY57000CE @ 500.86 -- BANKNIFTY Dual Supertrend + BB trend lock UP
2026-09-01,11:15:00,BANKNIFTY_HEIKIN_ASHI_BULLISH_5M_ITM,SIGNAL,CE BANKNIFTY57200CE @ 483.36 -- 5m Heikin-Ashi bullish trend continuation above 1H 50-EMA
2026-09-01,11:20:00,BANKNIFTY_DUAL_SUPERTREND_BB_CE,SIGNAL,CE BANKNIFTY57200CE @ 536.66 -- BANKNIFTY Dual Supertrend + BB trend lock UP
2026-09-01,11:30:00,BANKNIFTY_HEIKIN_ASHI_BULLISH_5M_ITM,SIGNAL,CE BANKNIFTY57300CE @ 460.13 -- 5m Heikin-Ashi bullish trend continuation above 1H 50-EMA
2026-09-01,11:35:00,BANKNIFTY_DUAL_SUPERTREND_BB_CE,SIGNAL,CE BANKNIFTY57200CE @ 502.07 -- BANKNIFTY Dual Supertrend + BB trend lock UP
2026-09-01,11:50:00,BANKNIFTY_DUAL_SUPERTREND_BB_CE,SIGNAL(skipped-already-open),CE BANKNIFTY57100CE @ 537.40 -- BANKNIFTY Dual Supertrend + BB trend lock UP
2026-09-01,12:05:00,BANKNIFTY_DUAL_SUPERTREND_BB_CE,SIGNAL(skipped-already-open),CE BANKNIFTY57100CE @ 531.33 -- BANKNIFTY Dual Supertrend + BB trend lock UP
2026-09-01,12:20:00,BANKNIFTY_DUAL_SUPERTREND_BB_CE,SIGNAL(skipped-already-open),CE BANKNIFTY57100CE @ 538.45 -- BANKNIFTY Dual Supertrend + BB trend lock UP
2026-09-01,12:26:00,BANKNIFTY_VWAP_BB_LIQUIDITY_REBOUND_CE,SIGNAL,CE BANKNIFTY57100CE @ 516.91 -- BANKNIFTY BB liquidity sweep bounce above VWAP/EMA
2026-09-01,12:28:00,BANKNIFTY_GAMMA_WALL_BREAKOUT_PE,SIGNAL,PE BANKNIFTY58100PE @ 498.51 -- BANKNIFTY Gamma Wall / Put Support Breakdown
2026-09-01,12:30:00,BANKNIFTY_SUPPORT_BOUNCE_5M_ITM,SIGNAL,CE BANKNIFTY57100CE @ 513.63 -- 5m BANKNIFTY support bounce off 20-EMA (57606.0) in 1H uptrend
2026-09-01,12:35:00,BANKNIFTY_DUAL_SUPERTREND_BB_CE,SIGNAL,CE BANKNIFTY57100CE @ 512.49 -- BANKNIFTY Dual Supertrend + BB trend lock UP
2026-09-01,12:50:00,BANKNIFTY_HEIKIN_ASHI_BULLISH_5M_ITM,SIGNAL,CE BANKNIFTY57100CE @ 546.52 -- 5m Heikin-Ashi bullish trend continuation above 1H 50-EMA
2026-09-01,12:50:00,BANKNIFTY_DUAL_SUPERTREND_BB_CE,SIGNAL(skipped-already-open),CE BANKNIFTY57100CE @ 546.52 -- BANKNIFTY Dual Supertrend + BB trend lock UP
2026-09-01,12:54:00,BANKNIFTY_GAMMA_WALL_BREAKOUT_PE,SIGNAL(skipped-already-open),PE BANKNIFTY58100PE @ 499.55 -- BANKNIFTY Gamma Wall / Put Support Breakdown
2026-09-01,13:13:00,BANKNIFTY_HEIKIN_ASHI_BEARISH_5M_ITM,SIGNAL,PE BANKNIFTY58000PE @ 489.24 -- 5m BANKNIFTY Heikin-Ashi bearish continuation below 1H 50-EMA
2026-09-01,13:13:00,BANKNIFTY_DUAL_SUPERTREND_BB_PE,SIGNAL,PE BANKNIFTY58000PE @ 489.24 -- BANKNIFTY Dual Supertrend + BB trend lock DOWN
2026-09-01,13:15:00,BANKNIFTY_HEIKIN_ASHI_BEARISH_1M_ATM,SIGNAL,"PE BANKNIFTY57500PE @ 68.86 -- Heikin Ashi bearish, no upper wick, price below 50-EMA"
2026-09-01,13:15:00,BANKNIFTY_MACD_BEARISH_1M_ATM,SIGNAL,"PE BANKNIFTY57500PE @ 68.86 -- MACD bearish cross, price below 50-EMA"
2026-09-01,13:16:00,BANKNIFTY_HEIKIN_ASHI_BEARISH_1M_ATM,SIGNAL(skipped-already-open),"PE BANKNIFTY57500PE @ 72.81 -- Heikin Ashi bearish, no upper wick, price below 50-EMA"
2026-09-01,13:16:00,BANKNIFTY_MACD_BEARISH_1M_ATM,SIGNAL(skipped-already-open),"PE BANKNIFTY57500PE @ 72.81 -- MACD bearish cross, price below 50-EMA"
2026-09-01,13:17:00,BANKNIFTY_HEIKIN_ASHI_BEARISH_1M_ATM,SIGNAL(skipped-already-open),"PE BANKNIFTY57400PE @ 31.85 -- Heikin Ashi bearish, no upper wick, price below 50-EMA"
2026-09-01,13:17:00,BANKNIFTY_MACD_BEARISH_1M_ATM,SIGNAL(skipped-already-open),"PE BANKNIFTY57400PE @ 31.85 -- MACD bearish cross, price below 50-EMA"
2026-09-01,13:18:00,BANKNIFTY_HEIKIN_ASHI_BEARISH_1M_ATM,SIGNAL(skipped-already-open),"PE BANKNIFTY57400PE @ 31.30 -- Heikin Ashi bearish, no upper wick, price below 50-EMA"
2026-09-01,13:18:00,BANKNIFTY_MACD_BEARISH_1M_ATM,SIGNAL(skipped-already-open),"PE BANKNIFTY57400PE @ 31.30 -- MACD bearish cross, price below 50-EMA"
2026-09-01,13:19:00,BANKNIFTY_HEIKIN_ASHI_BEARISH_1M_ATM,SIGNAL(skipped-already-open),"PE BANKNIFTY57400PE @ 32.28 -- Heikin Ashi bearish, no upper wick, price below 50-EMA"
2026-09-01,13:19:00,BANKNIFTY_MACD_BEARISH_1M_ATM,SIGNAL(skipped-already-open),"PE BANKNIFTY57400PE @ 32.28 -- MACD bearish cross, price below 50-EMA"
2026-09-01,13:20:00,BANKNIFTY_HEIKIN_ASHI_BEARISH_1M_ATM,SIGNAL(skipped-already-open),"PE BANKNIFTY57400PE @ 29.47 -- Heikin Ashi bearish, no upper wick, price below 50-EMA"
2026-09-01,13:20:00,BANKNIFTY_MACD_BEARISH_1M_ATM,SIGNAL(skipped-already-open),"PE BANKNIFTY57400PE @ 29.47 -- MACD bearish cross, price below 50-EMA"
2026-09-01,13:21:00,BANKNIFTY_HEIKIN_ASHI_BEARISH_1M_ATM,SIGNAL,"PE BANKNIFTY57500PE @ 65.42 -- Heikin Ashi bearish, no upper wick, price below 50-EMA"
2026-09-01,13:21:00,BANKNIFTY_MACD_BEARISH_1M_ATM,SIGNAL,"PE BANKNIFTY57500PE @ 65.42 -- MACD bearish cross, price below 50-EMA"
2026-09-01,13:22:00,BANKNIFTY_HEIKIN_ASHI_BEARISH_1M_ATM,SIGNAL(skipped-already-open),"PE BANKNIFTY57500PE @ 70.40 -- Heikin Ashi bearish, no upper wick, price below 50-EMA"
2026-09-01,13:22:00,BANKNIFTY_MACD_BEARISH_1M_ATM,SIGNAL(skipped-already-open),"PE BANKNIFTY57500PE @ 70.40 -- MACD bearish cross, price below 50-EMA"
2026-09-01,13:23:00,BANKNIFTY_HEIKIN_ASHI_BEARISH_1M_ATM,SIGNAL(skipped-already-open),"PE BANKNIFTY57500PE @ 76.61 -- Heikin Ashi bearish, no upper wick, price below 50-EMA"
2026-09-01,13:23:00,BANKNIFTY_MACD_BEARISH_1M_ATM,SIGNAL(skipped-already-open),"PE BANKNIFTY57500PE @ 76.61 -- MACD bearish cross, price below 50-EMA"
2026-09-01,13:24:00,BANKNIFTY_HEIKIN_ASHI_BEARISH_1M_ATM,SIGNAL(skipped-already-open),"PE BANKNIFTY57500PE @ 72.14 -- Heikin Ashi bearish, no upper wick, price below 50-EMA"
2026-09-01,13:24:00,BANKNIFTY_MACD_BEARISH_1M_ATM,SIGNAL(skipped-already-open),"PE BANKNIFTY57500PE @ 72.14 -- MACD bearish cross, price below 50-EMA"
2026-09-01,13:25:00,BANKNIFTY_HEIKIN_ASHI_BEARISH_1M_ATM,SIGNAL(skipped-already-open),"PE BANKNIFTY57500PE @ 71.24 -- Heikin Ashi bearish, no upper wick, price below 50-EMA"
2026-09-01,13:25:00,BANKNIFTY_MACD_BEARISH_1M_ATM,SIGNAL(skipped-already-open),"PE BANKNIFTY57500PE @ 71.24 -- MACD bearish cross, price below 50-EMA"
2026-09-01,13:26:00,BANKNIFTY_HEIKIN_ASHI_BEARISH_1M_ATM,SIGNAL(skipped-already-open),"PE BANKNIFTY57500PE @ 74.98 -- Heikin Ashi bearish, no upper wick, price below 50-EMA"
2026-09-01,13:26:00,BANKNIFTY_MACD_BEARISH_1M_ATM,SIGNAL(skipped-already-open),"PE BANKNIFTY57500PE @ 74.98 -- MACD bearish cross, price below 50-EMA"
2026-09-01,13:27:00,BANKNIFTY_HEIKIN_ASHI_BEARISH_1M_ATM,SIGNAL(skipped-already-open),"PE BANKNIFTY57400PE @ 35.45 -- Heikin Ashi bearish, no upper wick, price below 50-EMA"
2026-09-01,13:27:00,BANKNIFTY_MACD_BEARISH_1M_ATM,SIGNAL(skipped-already-open),"PE BANKNIFTY57400PE @ 35.45 -- MACD bearish cross, price below 50-EMA"
2026-09-01,13:28:00,BANKNIFTY_HEIKIN_ASHI_BEARISH_1M_ATM,SIGNAL(skipped-already-open),"PE BANKNIFTY57400PE @ 45.43 -- Heikin Ashi bearish, no upper wick, price below 50-EMA"
2026-09-01,13:28:00,BANKNIFTY_MACD_BEARISH_1M_ATM,SIGNAL(skipped-already-open),"PE BANKNIFTY57400PE @ 45.43 -- MACD bearish cross, price below 50-EMA"
2026-09-01,13:28:00,BANKNIFTY_HEIKIN_ASHI_BEARISH_5M_ITM,SIGNAL(skipped-already-open),PE BANKNIFTY57900PE @ 493.01 -- 5m BANKNIFTY Heikin-Ashi bearish continuation below 1H 50-EMA
2026-09-01,13:28:00,BANKNIFTY_DUAL_SUPERTREND_BB_PE,SIGNAL(skipped-already-open),PE BANKNIFTY57900PE @ 493.01 -- BANKNIFTY Dual Supertrend + BB trend lock DOWN
2026-09-01,13:29:00,BANKNIFTY_HEIKIN_ASHI_BEARISH_1M_ATM,SIGNAL(skipped-already-open),"PE BANKNIFTY57400PE @ 37.14 -- Heikin Ashi bearish, no upper wick, price below 50-EMA"
2026-09-01,13:29:00,BANKNIFTY_MACD_BEARISH_1M_ATM,SIGNAL(skipped-already-open),"PE BANKNIFTY57400PE @ 37.14 -- MACD bearish cross, price below 50-EMA"
2026-09-01,13:30:00,BANKNIFTY_HEIKIN_ASHI_BEARISH_1M_ATM,SIGNAL,"PE BANKNIFTY57400PE @ 29.67 -- Heikin Ashi bearish, no upper wick, price below 50-EMA"
2026-09-01,13:31:00,BANKNIFTY_HEIKIN_ASHI_BEARISH_1M_ATM,SIGNAL(skipped-already-open),"PE BANKNIFTY57500PE @ 74.22 -- Heikin Ashi bearish, no upper wick, price below 50-EMA"
2026-09-01,13:32:00,BANKNIFTY_HEIKIN_ASHI_BEARISH_1M_ATM,SIGNAL(skipped-already-open),"PE BANKNIFTY57400PE @ 26.85 -- Heikin Ashi bearish, no upper wick, price below 50-EMA"
2026-09-01,13:33:00,BANKNIFTY_HEIKIN_ASHI_BEARISH_1M_ATM,SIGNAL(skipped-already-open),"PE BANKNIFTY57400PE @ 29.85 -- Heikin Ashi bearish, no upper wick, price below 50-EMA"
2026-09-01,13:34:00,BANKNIFTY_HEIKIN_ASHI_BEARISH_1M_ATM,SIGNAL(skipped-already-open),"PE BANKNIFTY57400PE @ 29.71 -- Heikin Ashi bearish, no upper wick, price below 50-EMA"
2026-09-01,13:35:00,BANKNIFTY_HEIKIN_ASHI_BEARISH_1M_ATM,SIGNAL(skipped-already-open),"PE BANKNIFTY57400PE @ 33.35 -- Heikin Ashi bearish, no upper wick, price below 50-EMA"
2026-09-01,13:36:00,BANKNIFTY_HEIKIN_ASHI_BEARISH_1M_ATM,SIGNAL(skipped-already-open),"PE BANKNIFTY57400PE @ 45.45 -- Heikin Ashi bearish, no upper wick, price below 50-EMA"
2026-09-01,13:37:00,BANKNIFTY_HEIKIN_ASHI_BEARISH_1M_ATM,SIGNAL(skipped-already-open),"PE BANKNIFTY57400PE @ 44.52 -- Heikin Ashi bearish, no upper wick, price below 50-EMA"
2026-09-01,13:38:00,BANKNIFTY_HEIKIN_ASHI_BEARISH_1M_ATM,SIGNAL(skipped-already-open),"PE BANKNIFTY57400PE @ 45.26 -- Heikin Ashi bearish, no upper wick, price below 50-EMA"
2026-09-01,13:39:00,BANKNIFTY_HEIKIN_ASHI_BEARISH_1M_ATM,SIGNAL(skipped-already-open),"PE BANKNIFTY57400PE @ 58.55 -- Heikin Ashi bearish, no upper wick, price below 50-EMA"
2026-09-01,13:40:00,BANKNIFTY_HEIKIN_ASHI_BEARISH_1M_ATM,SIGNAL(skipped-already-open),"PE BANKNIFTY57300PE @ 25.84 -- Heikin Ashi bearish, no upper wick, price below 50-EMA"
2026-09-01,13:41:00,BANKNIFTY_HEIKIN_ASHI_BEARISH_1M_ATM,SIGNAL(skipped-already-open),"PE BANKNIFTY57300PE @ 27.10 -- Heikin Ashi bearish, no upper wick, price below 50-EMA"
2026-09-01,13:42:00,BANKNIFTY_HEIKIN_ASHI_BEARISH_1M_ATM,SIGNAL(skipped-already-open),"PE BANKNIFTY57300PE @ 28.30 -- Heikin Ashi bearish, no upper wick, price below 50-EMA"
2026-09-01,13:42:00,BANKNIFTY_ORB_BEARISH_1M_ATM,SIGNAL,PE BANKNIFTY57300PE @ 28.30 -- ORB breakdown below opening range low 57343.5
2026-09-01,13:42:00,BANKNIFTY_ORB_BEARISH_5M_ITM,SIGNAL,PE BANKNIFTY57800PE @ 459.07 -- 5m BANKNIFTY ORB breakdown below morning low 57343.5
2026-09-01,13:43:00,BANKNIFTY_HEIKIN_ASHI_BEARISH_1M_ATM,SIGNAL(skipped-already-open),"PE BANKNIFTY57400PE @ 69.94 -- Heikin Ashi bearish, no upper wick, price below 50-EMA"
2026-09-01,13:43:00,BANKNIFTY_HEIKIN_ASHI_BEARISH_5M_ITM,SIGNAL,PE BANKNIFTY57900PE @ 542.27 -- 5m BANKNIFTY Heikin-Ashi bearish continuation below 1H 50-EMA
2026-09-01,13:43:00,BANKNIFTY_DUAL_SUPERTREND_BB_PE,SIGNAL,PE BANKNIFTY57900PE @ 542.27 -- BANKNIFTY Dual Supertrend + BB trend lock DOWN
2026-09-01,13:44:00,BANKNIFTY_HEIKIN_ASHI_BEARISH_1M_ATM,SIGNAL,"PE BANKNIFTY57400PE @ 66.85 -- Heikin Ashi bearish, no upper wick, price below 50-EMA"
2026-09-01,13:45:00,BANKNIFTY_HEIKIN_ASHI_BEARISH_1M_ATM,SIGNAL(skipped-already-open),"PE BANKNIFTY57400PE @ 72.59 -- Heikin Ashi bearish, no upper wick, price below 50-EMA"
2026-09-01,13:46:00,BANKNIFTY_HEIKIN_ASHI_BEARISH_1M_ATM,SIGNAL(skipped-already-open),"PE BANKNIFTY57300PE @ 31.12 -- Heikin Ashi bearish, no upper wick, price below 50-EMA"
2026-09-01,13:47:00,BANKNIFTY_HEIKIN_ASHI_BEARISH_1M_ATM,SIGNAL(skipped-already-open),"PE BANKNIFTY57300PE @ 36.02 -- Heikin Ashi bearish, no upper wick, price below 50-EMA"
2026-09-01,13:48:00,BANKNIFTY_HEIKIN_ASHI_BEARISH_1M_ATM,SIGNAL(skipped-already-open),"PE BANKNIFTY57300PE @ 35.01 -- Heikin Ashi bearish, no upper wick, price below 50-EMA"
2026-09-01,13:49:00,BANKNIFTY_HEIKIN_ASHI_BEARISH_1M_ATM,SIGNAL(skipped-already-open),"PE BANKNIFTY57300PE @ 38.78 -- Heikin Ashi bearish, no upper wick, price below 50-EMA"
2026-09-01,13:50:00,BANKNIFTY_HEIKIN_ASHI_BEARISH_1M_ATM,SIGNAL(skipped-already-open),"PE BANKNIFTY57300PE @ 66.05 -- Heikin Ashi bearish, no upper wick, price below 50-EMA"
2026-09-01,13:51:00,BANKNIFTY_HEIKIN_ASHI_BEARISH_1M_ATM,SIGNAL(skipped-already-open),"PE BANKNIFTY57200PE @ 28.50 -- Heikin Ashi bearish, no upper wick, price below 50-EMA"
2026-09-01,13:52:00,BANKNIFTY_HEIKIN_ASHI_BEARISH_1M_ATM,SIGNAL(skipped-already-open),"PE BANKNIFTY57300PE @ 70.09 -- Heikin Ashi bearish, no upper wick, price below 50-EMA"
2026-09-01,13:53:00,BANKNIFTY_HEIKIN_ASHI_BEARISH_1M_ATM,SIGNAL(skipped-already-open),"PE BANKNIFTY57300PE @ 71.48 -- Heikin Ashi bearish, no upper wick, price below 50-EMA"
2026-09-01,13:54:00,BANKNIFTY_HEIKIN_ASHI_BEARISH_1M_ATM,SIGNAL(skipped-already-open),"PE BANKNIFTY57300PE @ 70.75 -- Heikin Ashi bearish, no upper wick, price below 50-EMA"
2026-09-01,13:55:00,BANKNIFTY_HEIKIN_ASHI_BEARISH_1M_ATM,SIGNAL(skipped-already-open),"PE BANKNIFTY57200PE @ 23.47 -- Heikin Ashi bearish, no upper wick, price below 50-EMA"
2026-09-01,13:56:00,BANKNIFTY_HEIKIN_ASHI_BEARISH_1M_ATM,SIGNAL,"PE BANKNIFTY57300PE @ 60.76 -- Heikin Ashi bearish, no upper wick, price below 50-EMA"
2026-09-01,13:57:00,BANKNIFTY_HEIKIN_ASHI_BEARISH_1M_ATM,SIGNAL(skipped-already-open),"PE BANKNIFTY57300PE @ 51.68 -- Heikin Ashi bearish, no upper wick, price below 50-EMA"
2026-09-01,13:58:00,BANKNIFTY_HEIKIN_ASHI_BEARISH_1M_ATM,SIGNAL(skipped-already-open),"PE BANKNIFTY57300PE @ 48.66 -- Heikin Ashi bearish, no upper wick, price below 50-EMA"
2026-09-01,13:58:00,BANKNIFTY_HEIKIN_ASHI_BEARISH_5M_ITM,SIGNAL(skipped-already-open),PE BANKNIFTY57800PE @ 512.09 -- 5m BANKNIFTY Heikin-Ashi bearish continuation below 1H 50-EMA
2026-09-01,13:58:00,BANKNIFTY_DUAL_SUPERTREND_BB_PE,SIGNAL(skipped-already-open),PE BANKNIFTY57800PE @ 512.09 -- BANKNIFTY Dual Supertrend + BB trend lock DOWN
2026-09-01,13:59:00,BANKNIFTY_HEIKIN_ASHI_BEARISH_1M_ATM,SIGNAL(skipped-already-open),"PE BANKNIFTY57300PE @ 65.35 -- Heikin Ashi bearish, no upper wick, price below 50-EMA"
2026-09-01,14:00:00,BANKNIFTY_HEIKIN_ASHI_BEARISH_1M_ATM,SIGNAL(skipped-already-open),"PE BANKNIFTY57200PE @ 24.38 -- Heikin Ashi bearish, no upper wick, price below 50-EMA"
2026-09-01,14:01:00,BANKNIFTY_HEIKIN_ASHI_BEARISH_1M_ATM,SIGNAL(skipped-already-open),"PE BANKNIFTY57200PE @ 25.22 -- Heikin Ashi bearish, no upper wick, price below 50-EMA"
2026-09-01,14:02:00,BANKNIFTY_HEIKIN_ASHI_BEARISH_1M_ATM,SIGNAL(skipped-already-open),"PE BANKNIFTY57200PE @ 32.98 -- Heikin Ashi bearish, no upper wick, price below 50-EMA"
2026-09-01,14:03:00,BANKNIFTY_HEIKIN_ASHI_BEARISH_1M_ATM,SIGNAL(skipped-already-open),"PE BANKNIFTY57200PE @ 39.98 -- Heikin Ashi bearish, no upper wick, price below 50-EMA"
2026-09-01,14:04:00,BANKNIFTY_HEIKIN_ASHI_BEARISH_1M_ATM,SIGNAL(skipped-already-open),"PE BANKNIFTY57200PE @ 35.06 -- Heikin Ashi bearish, no upper wick, price below 50-EMA"
2026-09-01,14:05:00,BANKNIFTY_HEIKIN_ASHI_BEARISH_1M_ATM,SIGNAL,"PE BANKNIFTY57200PE @ 24.56 -- Heikin Ashi bearish, no upper wick, price below 50-EMA"
2026-09-01,14:06:00,BANKNIFTY_HEIKIN_ASHI_BEARISH_1M_ATM,SIGNAL(skipped-already-open),"PE BANKNIFTY57200PE @ 25.75 -- Heikin Ashi bearish, no upper wick, price below 50-EMA"
2026-09-01,14:07:00,BANKNIFTY_HEIKIN_ASHI_BEARISH_1M_ATM,SIGNAL(skipped-already-open),"PE BANKNIFTY57200PE @ 36.80 -- Heikin Ashi bearish, no upper wick, price below 50-EMA"
2026-09-01,14:08:00,BANKNIFTY_HEIKIN_ASHI_BEARISH_1M_ATM,SIGNAL(skipped-already-open),"PE BANKNIFTY57200PE @ 47.36 -- Heikin Ashi bearish, no upper wick, price below 50-EMA"
2026-09-01,14:09:00,BANKNIFTY_HEIKIN_ASHI_BEARISH_1M_ATM,SIGNAL(skipped-already-open),"PE BANKNIFTY57200PE @ 60.50 -- Heikin Ashi bearish, no upper wick, price below 50-EMA"
2026-09-01,14:10:00,BANKNIFTY_HEIKIN_ASHI_BEARISH_1M_ATM,SIGNAL,"PE BANKNIFTY57200PE @ 48.80 -- Heikin Ashi bearish, no upper wick, price below 50-EMA"
2026-09-01,14:11:00,BANKNIFTY_HEIKIN_ASHI_BEARISH_1M_ATM,SIGNAL(skipped-already-open),"PE BANKNIFTY57200PE @ 48.53 -- Heikin Ashi bearish, no upper wick, price below 50-EMA"
2026-09-01,14:12:00,BANKNIFTY_HEIKIN_ASHI_BEARISH_1M_ATM,SIGNAL(skipped-already-open),"PE BANKNIFTY57200PE @ 57.77 -- Heikin Ashi bearish, no upper wick, price below 50-EMA"
2026-09-01,14:13:00,BANKNIFTY_HEIKIN_ASHI_BEARISH_1M_ATM,SIGNAL(skipped-already-open),"PE BANKNIFTY57200PE @ 55.10 -- Heikin Ashi bearish, no upper wick, price below 50-EMA"
2026-09-01,14:13:00,BANKNIFTY_HEIKIN_ASHI_BEARISH_5M_ITM,SIGNAL,PE BANKNIFTY57700PE @ 529.36 -- 5m BANKNIFTY Heikin-Ashi bearish continuation below 1H 50-EMA
2026-09-01,14:13:00,BANKNIFTY_DUAL_SUPERTREND_BB_PE,SIGNAL,PE BANKNIFTY57700PE @ 529.36 -- BANKNIFTY Dual Supertrend + BB trend lock DOWN
2026-09-01,14:14:00,BANKNIFTY_HEIKIN_ASHI_BEARISH_1M_ATM,SIGNAL(skipped-already-open),"PE BANKNIFTY57200PE @ 49.77 -- Heikin Ashi bearish, no upper wick, price below 50-EMA"
2026-09-01,14:15:00,BANKNIFTY_HEIKIN_ASHI_BEARISH_1M_ATM,SIGNAL,"PE BANKNIFTY57200PE @ 41.72 -- Heikin Ashi bearish, no upper wick, price below 50-EMA"
2026-09-01,14:16:00,BANKNIFTY_HEIKIN_ASHI_BEARISH_1M_ATM,SIGNAL(skipped-already-open),"PE BANKNIFTY57200PE @ 44.09 -- Heikin Ashi bearish, no upper wick, price below 50-EMA"
2026-09-01,14:17:00,BANKNIFTY_HEIKIN_ASHI_BEARISH_1M_ATM,SIGNAL(skipped-already-open),"PE BANKNIFTY57200PE @ 55.28 -- Heikin Ashi bearish, no upper wick, price below 50-EMA"
2026-09-01,14:18:00,BANKNIFTY_HEIKIN_ASHI_BEARISH_1M_ATM,SIGNAL(skipped-already-open),"PE BANKNIFTY57200PE @ 62.81 -- Heikin Ashi bearish, no upper wick, price below 50-EMA"
2026-09-01,14:19:00,BANKNIFTY_HEIKIN_ASHI_BEARISH_1M_ATM,SIGNAL,"PE BANKNIFTY57200PE @ 52.30 -- Heikin Ashi bearish, no upper wick, price below 50-EMA"
2026-09-01,14:20:00,BANKNIFTY_HEIKIN_ASHI_BEARISH_1M_ATM,SIGNAL(skipped-already-open),"PE BANKNIFTY57200PE @ 48.56 -- Heikin Ashi bearish, no upper wick, price below 50-EMA"
2026-09-01,14:21:00,BANKNIFTY_HEIKIN_ASHI_BEARISH_1M_ATM,SIGNAL(skipped-already-open),"PE BANKNIFTY57200PE @ 50.25 -- Heikin Ashi bearish, no upper wick, price below 50-EMA"
2026-09-01,14:22:00,BANKNIFTY_HEIKIN_ASHI_BEARISH_1M_ATM,SIGNAL(skipped-already-open),"PE BANKNIFTY57200PE @ 54.15 -- Heikin Ashi bearish, no upper wick, price below 50-EMA"
2026-09-01,14:23:00,BANKNIFTY_HEIKIN_ASHI_BEARISH_1M_ATM,SIGNAL(skipped-already-open),"PE BANKNIFTY57200PE @ 52.11 -- Heikin Ashi bearish, no upper wick, price below 50-EMA"
2026-09-01,14:24:00,BANKNIFTY_HEIKIN_ASHI_BEARISH_1M_ATM,SIGNAL,"PE BANKNIFTY57200PE @ 40.75 -- Heikin Ashi bearish, no upper wick, price below 50-EMA"
2026-09-01,14:25:00,BANKNIFTY_HEIKIN_ASHI_BEARISH_1M_ATM,SIGNAL(skipped-already-open),"PE BANKNIFTY57200PE @ 35.13 -- Heikin Ashi bearish, no upper wick, price below 50-EMA"
2026-09-01,14:26:00,BANKNIFTY_HEIKIN_ASHI_BEARISH_1M_ATM,SIGNAL(skipped-already-open),"PE BANKNIFTY57200PE @ 41.22 -- Heikin Ashi bearish, no upper wick, price below 50-EMA"
2026-09-01,14:27:00,BANKNIFTY_HEIKIN_ASHI_BEARISH_1M_ATM,SIGNAL(skipped-already-open),"PE BANKNIFTY57200PE @ 44.92 -- Heikin Ashi bearish, no upper wick, price below 50-EMA"
2026-09-01,14:28:00,BANKNIFTY_HEIKIN_ASHI_BEARISH_1M_ATM,SIGNAL(skipped-already-open),"PE BANKNIFTY57200PE @ 42.16 -- Heikin Ashi bearish, no upper wick, price below 50-EMA"
2026-09-01,14:28:00,BANKNIFTY_DUAL_SUPERTREND_BB_PE,SIGNAL(skipped-already-open),PE BANKNIFTY57700PE @ 514.02 -- BANKNIFTY Dual Supertrend + BB trend lock DOWN
2026-09-01,14:29:00,BANKNIFTY_HEIKIN_ASHI_BEARISH_1M_ATM,SIGNAL,"PE BANKNIFTY57200PE @ 18.06 -- Heikin Ashi bearish, no upper wick, price below 50-EMA"
2026-09-01,14:30:00,BANKNIFTY_HEIKIN_ASHI_BEARISH_1M_ATM,SIGNAL(skipped-already-open),"PE BANKNIFTY57200PE @ 15.80 -- Heikin Ashi bearish, no upper wick, price below 50-EMA"
2026-09-01,14:31:00,BANKNIFTY_HEIKIN_ASHI_BEARISH_1M_ATM,SIGNAL,"PE BANKNIFTY57300PE @ 52.01 -- Heikin Ashi bearish, no upper wick, price below 50-EMA"
2026-09-01,14:32:00,BANKNIFTY_HEIKIN_ASHI_BEARISH_1M_ATM,SIGNAL(skipped-already-open),"PE BANKNIFTY57300PE @ 55.30 -- Heikin Ashi bearish, no upper wick, price below 50-EMA"
2026-09-01,14:33:00,BANKNIFTY_HEIKIN_ASHI_BEARISH_1M_ATM,SIGNAL(skipped-already-open),"PE BANKNIFTY57200PE @ 18.64 -- Heikin Ashi bearish, no upper wick, price below 50-EMA"
2026-09-01,14:34:00,BANKNIFTY_HEIKIN_ASHI_BEARISH_1M_ATM,SIGNAL,"PE BANKNIFTY57300PE @ 62.62 -- Heikin Ashi bearish, no upper wick, price below 50-EMA"
2026-09-01,14:35:00,BANKNIFTY_HEIKIN_ASHI_BEARISH_1M_ATM,SIGNAL(skipped-already-open),"PE BANKNIFTY57300PE @ 60.69 -- Heikin Ashi bearish, no upper wick, price below 50-EMA"
2026-09-01,14:36:00,BANKNIFTY_HEIKIN_ASHI_BEARISH_1M_ATM,SIGNAL(skipped-already-open),"PE BANKNIFTY57200PE @ 14.67 -- Heikin Ashi bearish, no upper wick, price below 50-EMA"
2026-09-01,14:37:00,BANKNIFTY_HEIKIN_ASHI_BEARISH_1M_ATM,SIGNAL(skipped-already-open),"PE BANKNIFTY57200PE @ 15.04 -- Heikin Ashi bearish, no upper wick, price below 50-EMA"
2026-09-01,14:38:00,BANKNIFTY_HEIKIN_ASHI_BEARISH_1M_ATM,SIGNAL(skipped-already-open),"PE BANKNIFTY57200PE @ 15.88 -- Heikin Ashi bearish, no upper wick, price below 50-EMA"
2026-09-01,14:39:00,BANKNIFTY_HEIKIN_ASHI_BEARISH_1M_ATM,SIGNAL(skipped-already-open),"PE BANKNIFTY57200PE @ 17.65 -- Heikin Ashi bearish, no upper wick, price below 50-EMA"
2026-09-01,14:40:00,BANKNIFTY_HEIKIN_ASHI_BEARISH_1M_ATM,SIGNAL(skipped-already-open),"PE BANKNIFTY57200PE @ 20.94 -- Heikin Ashi bearish, no upper wick, price below 50-EMA"
2026-09-01,14:41:00,BANKNIFTY_HEIKIN_ASHI_BEARISH_1M_ATM,SIGNAL(skipped-already-open),"PE BANKNIFTY57200PE @ 20.05 -- Heikin Ashi bearish, no upper wick, price below 50-EMA"
2026-09-01,14:42:00,BANKNIFTY_HEIKIN_ASHI_BEARISH_1M_ATM,SIGNAL,"PE BANKNIFTY57200PE @ 12.30 -- Heikin Ashi bearish, no upper wick, price below 50-EMA"
2026-09-01,14:43:00,BANKNIFTY_HEIKIN_ASHI_BEARISH_1M_ATM,SIGNAL(skipped-already-open),"PE BANKNIFTY57200PE @ 18.96 -- Heikin Ashi bearish, no upper wick, price below 50-EMA"
2026-09-01,14:43:00,BANKNIFTY_DUAL_SUPERTREND_BB_PE,SIGNAL(skipped-already-open),PE BANKNIFTY57700PE @ 473.94 -- BANKNIFTY Dual Supertrend + BB trend lock DOWN
2026-09-01,14:44:00,BANKNIFTY_HEIKIN_ASHI_BEARISH_1M_ATM,SIGNAL(skipped-already-open),"PE BANKNIFTY57200PE @ 16.26 -- Heikin Ashi bearish, no upper wick, price below 50-EMA"
2026-09-01,14:58:00,BANKNIFTY_DUAL_SUPERTREND_BB_PE,SIGNAL(skipped-already-open),PE BANKNIFTY57800PE @ 546.10 -- BANKNIFTY Dual Supertrend + BB trend lock DOWN
2026-09-01,15:13:00,BANKNIFTY_DUAL_SUPERTREND_BB_PE,SIGNAL(skipped-already-open),PE BANKNIFTY57800PE @ 547.72 -- BANKNIFTY Dual Supertrend + BB trend lock DOWN
2026-09-01,15:15:00,BANKNIFTY_GAMMA_WALL_BREAKOUT_PE,SIGNAL,PE BANKNIFTY57800PE @ 535.73 -- BANKNIFTY Gamma Wall / Put Support Breakdown
2026-09-01,15:28:00,BANKNIFTY_DUAL_SUPERTREND_BB_PE,SIGNAL,PE BANKNIFTY57800PE @ 535.83 -- BANKNIFTY Dual Supertrend + BB trend lock DOWN
2026-09-01,15:29:00,BANKNIFTY_VWAP_BB_LIQUIDITY_REBOUND_CE,SIGNAL,CE BANKNIFTY56900CE @ 509.61 -- BANKNIFTY BB liquidity sweep bounce above VWAP/EMA
2026-09-02,09:25:00,BANKNIFTY_HEIKIN_ASHI_BEARISH_5M_ITM,SIGNAL,PE BANKNIFTY57300PE @ 524.66 -- 5m BANKNIFTY Heikin-Ashi bearish continuation below 1H 50-EMA
2026-09-02,09:25:00,BANKNIFTY_DUAL_SUPERTREND_BB_PE,SIGNAL,PE BANKNIFTY57300PE @ 524.66 -- BANKNIFTY Dual Supertrend + BB trend lock DOWN
2026-09-02,09:30:00,BANKNIFTY_ORB_BEARISH_5M_ITM,SIGNAL,PE BANKNIFTY57200PE @ 486.73 -- 5m BANKNIFTY ORB breakdown below morning low 56993.6
2026-09-02,09:40:00,BANKNIFTY_DUAL_SUPERTREND_BB_PE,SIGNAL,PE BANKNIFTY57300PE @ 496.98 -- BANKNIFTY Dual Supertrend + BB trend lock DOWN
2026-09-02,09:45:00,BANKNIFTY_HEIKIN_ASHI_BEARISH_1M_ATM,SIGNAL,"PE BANKNIFTY57000PE @ 356.22 -- Heikin Ashi bearish, no upper wick, price below 50-EMA"
2026-09-02,09:46:00,BANKNIFTY_HEIKIN_ASHI_BEARISH_1M_ATM,SIGNAL(skipped-already-open),"PE BANKNIFTY57000PE @ 367.30 -- Heikin Ashi bearish, no upper wick, price below 50-EMA"
2026-09-02,09:47:00,BANKNIFTY_HEIKIN_ASHI_BEARISH_1M_ATM,SIGNAL(skipped-already-open),"PE BANKNIFTY57000PE @ 365.54 -- Heikin Ashi bearish, no upper wick, price below 50-EMA"
2026-09-02,09:48:00,BANKNIFTY_HEIKIN_ASHI_BEARISH_1M_ATM,SIGNAL(skipped-already-open),"PE BANKNIFTY57000PE @ 367.84 -- Heikin Ashi bearish, no upper wick, price below 50-EMA"
2026-09-02,09:49:00,BANKNIFTY_HEIKIN_ASHI_BEARISH_1M_ATM,SIGNAL(skipped-already-open),"PE BANKNIFTY57000PE @ 356.63 -- Heikin Ashi bearish, no upper wick, price below 50-EMA"
2026-09-02,09:50:00,BANKNIFTY_HEIKIN_ASHI_BEARISH_1M_ATM,SIGNAL(skipped-already-open),"PE BANKNIFTY57100PE @ 394.80 -- Heikin Ashi bearish, no upper wick, price below 50-EMA"
2026-09-02,09:51:00,BANKNIFTY_HEIKIN_ASHI_BEARISH_1M_ATM,SIGNAL(skipped-already-open),"PE BANKNIFTY57000PE @ 357.97 -- Heikin Ashi bearish, no upper wick, price below 50-EMA"
2026-09-02,09:52:00,BANKNIFTY_HEIKIN_ASHI_BEARISH_1M_ATM,SIGNAL(skipped-already-open),"PE BANKNIFTY57000PE @ 362.34 -- Heikin Ashi bearish, no upper wick, price below 50-EMA"
2026-09-02,09:53:00,BANKNIFTY_HEIKIN_ASHI_BEARISH_1M_ATM,SIGNAL(skipped-already-open),"PE BANKNIFTY57000PE @ 357.49 -- Heikin Ashi bearish, no upper wick, price below 50-EMA"
2026-09-02,09:54:00,BANKNIFTY_HEIKIN_ASHI_BEARISH_1M_ATM,SIGNAL(skipped-already-open),"PE BANKNIFTY57000PE @ 358.15 -- Heikin Ashi bearish, no upper wick, price below 50-EMA"
2026-09-02,09:55:00,BANKNIFTY_HEIKIN_ASHI_BEARISH_1M_ATM,SIGNAL(skipped-already-open),"PE BANKNIFTY57000PE @ 362.96 -- Heikin Ashi bearish, no upper wick, price below 50-EMA"
2026-09-02,09:55:00,BANKNIFTY_DUAL_SUPERTREND_BB_PE,SIGNAL(skipped-already-open),PE BANKNIFTY57300PE @ 520.39 -- BANKNIFTY Dual Supertrend + BB trend lock DOWN
2026-09-02,09:56:00,BANKNIFTY_HEIKIN_ASHI_BEARISH_1M_ATM,SIGNAL(skipped-already-open),"PE BANKNIFTY57100PE @ 387.08 -- Heikin Ashi bearish, no upper wick, price below 50-EMA"
2026-09-02,09:57:00,BANKNIFTY_HEIKIN_ASHI_BEARISH_1M_ATM,SIGNAL(skipped-already-open),"PE BANKNIFTY57100PE @ 392.19 -- Heikin Ashi bearish, no upper wick, price below 50-EMA"
2026-09-02,09:58:00,BANKNIFTY_HEIKIN_ASHI_BEARISH_1M_ATM,SIGNAL(skipped-already-open),"PE BANKNIFTY57100PE @ 383.47 -- Heikin Ashi bearish, no upper wick, price below 50-EMA"
2026-09-02,09:59:00,BANKNIFTY_HEIKIN_ASHI_BEARISH_1M_ATM,SIGNAL(skipped-already-open),"PE BANKNIFTY57100PE @ 392.45 -- Heikin Ashi bearish, no upper wick, price below 50-EMA"
2026-09-02,10:10:00,BANKNIFTY_DUAL_SUPERTREND_BB_PE,SIGNAL,PE BANKNIFTY57300PE @ 489.42 -- BANKNIFTY Dual Supertrend + BB trend lock DOWN
2026-09-02,10:19:00,BANKNIFTY_VWAP_BB_LIQUIDITY_REBOUND_CE,SIGNAL,CE BANKNIFTY57000CE @ 514.32 -- BANKNIFTY BB liquidity sweep bounce above VWAP/EMA
2026-09-02,10:44:00,BANKNIFTY_RESISTANCE_REJECTION_5M_ITM,SIGNAL,PE BANKNIFTY57400PE @ 513.54 -- 5m BANKNIFTY resistance rejection off 20-EMA (57142.0) in 1H downtrend
2026-09-02,10:44:00,BANKNIFTY_DUAL_SUPERTREND_BB_PE,SIGNAL(skipped-already-open),PE BANKNIFTY57400PE @ 513.54 -- BANKNIFTY Dual Supertrend + BB trend lock DOWN
2026-09-02,10:44:00,BANKNIFTY_GAMMA_WALL_BREAKOUT_PE,SIGNAL,PE BANKNIFTY57400PE @ 513.54 -- BANKNIFTY Gamma Wall / Put Support Breakdown
2026-09-02,10:45:00,BANKNIFTY_VWAP_BB_LIQUIDITY_REBOUND_CE,SIGNAL,CE BANKNIFTY57000CE @ 522.74 -- BANKNIFTY BB liquidity sweep bounce above VWAP/EMA
2026-09-02,10:59:00,BANKNIFTY_DUAL_SUPERTREND_BB_PE,SIGNAL(skipped-already-open),PE BANKNIFTY57400PE @ 521.17 -- BANKNIFTY Dual Supertrend + BB trend lock DOWN
2026-09-02,11:00:00,BANKNIFTY_HEIKIN_ASHI_BEARISH_5M_ITM,SIGNAL,PE BANKNIFTY57400PE @ 528.05 -- 5m BANKNIFTY Heikin-Ashi bearish continuation below 1H 50-EMA
2026-09-02,11:14:00,BANKNIFTY_DUAL_SUPERTREND_BB_PE,SIGNAL(skipped-already-open),PE BANKNIFTY57300PE @ 518.09 -- BANKNIFTY Dual Supertrend + BB trend lock DOWN
2026-09-02,11:15:00,BANKNIFTY_HEIKIN_ASHI_BEARISH_1M_ATM,SIGNAL(skipped-already-open),"PE BANKNIFTY57000PE @ 367.95 -- Heikin Ashi bearish, no upper wick, price below 50-EMA"
2026-09-02,11:15:00,BANKNIFTY_HEIKIN_ASHI_BEARISH_5M_ITM,SIGNAL(skipped-already-open),PE BANKNIFTY57300PE @ 526.63 -- 5m BANKNIFTY Heikin-Ashi bearish continuation below 1H 50-EMA
2026-09-02,11:16:00,BANKNIFTY_HEIKIN_ASHI_BEARISH_1M_ATM,SIGNAL(skipped-already-open),"PE BANKNIFTY57000PE @ 371.02 -- Heikin Ashi bearish, no upper wick, price below 50-EMA"
2026-09-02,11:17:00,BANKNIFTY_HEIKIN_ASHI_BEARISH_1M_ATM,SIGNAL(skipped-already-open),"PE BANKNIFTY57000PE @ 366.42 -- Heikin Ashi bearish, no upper wick, price below 50-EMA"
2026-09-02,11:18:00,BANKNIFTY_HEIKIN_ASHI_BEARISH_1M_ATM,SIGNAL(skipped-already-open),"PE BANKNIFTY57000PE @ 360.94 -- Heikin Ashi bearish, no upper wick, price below 50-EMA"
2026-09-02,11:19:00,BANKNIFTY_HEIKIN_ASHI_BEARISH_1M_ATM,SIGNAL(skipped-already-open),"PE BANKNIFTY57000PE @ 361.24 -- Heikin Ashi bearish, no upper wick, price below 50-EMA"
2026-09-02,11:20:00,BANKNIFTY_HEIKIN_ASHI_BEARISH_1M_ATM,SIGNAL(skipped-already-open),"PE BANKNIFTY57000PE @ 359.32 -- Heikin Ashi bearish, no upper wick, price below 50-EMA"
2026-09-02,11:21:00,BANKNIFTY_HEIKIN_ASHI_BEARISH_1M_ATM,SIGNAL(skipped-already-open),"PE BANKNIFTY57000PE @ 362.20 -- Heikin Ashi bearish, no upper wick, price below 50-EMA"
2026-09-02,11:22:00,BANKNIFTY_HEIKIN_ASHI_BEARISH_1M_ATM,SIGNAL(skipped-already-open),"PE BANKNIFTY57000PE @ 367.12 -- Heikin Ashi bearish, no upper wick, price below 50-EMA"
2026-09-02,11:23:00,BANKNIFTY_HEIKIN_ASHI_BEARISH_1M_ATM,SIGNAL(skipped-already-open),"PE BANKNIFTY57000PE @ 363.03 -- Heikin Ashi bearish, no upper wick, price below 50-EMA"
2026-09-02,11:24:00,BANKNIFTY_HEIKIN_ASHI_BEARISH_1M_ATM,SIGNAL(skipped-already-open),"PE BANKNIFTY57000PE @ 368.72 -- Heikin Ashi bearish, no upper wick, price below 50-EMA"
2026-09-02,11:25:00,BANKNIFTY_HEIKIN_ASHI_BEARISH_1M_ATM,SIGNAL(skipped-already-open),"PE BANKNIFTY57000PE @ 365.80 -- Heikin Ashi bearish, no upper wick, price below 50-EMA"
2026-09-02,11:26:00,BANKNIFTY_HEIKIN_ASHI_BEARISH_1M_ATM,SIGNAL(skipped-already-open),"PE BANKNIFTY57000PE @ 370.65 -- Heikin Ashi bearish, no upper wick, price below 50-EMA"
2026-09-02,11:27:00,BANKNIFTY_HEIKIN_ASHI_BEARISH_1M_ATM,SIGNAL(skipped-already-open),"PE BANKNIFTY57000PE @ 371.86 -- Heikin Ashi bearish, no upper wick, price below 50-EMA"
2026-09-02,11:28:00,BANKNIFTY_HEIKIN_ASHI_BEARISH_1M_ATM,SIGNAL(skipped-already-open),"PE BANKNIFTY57000PE @ 369.42 -- Heikin Ashi bearish, no upper wick, price below 50-EMA"
2026-09-02,11:29:00,BANKNIFTY_HEIKIN_ASHI_BEARISH_1M_ATM,SIGNAL(skipped-already-open),"PE BANKNIFTY57000PE @ 379.73 -- Heikin Ashi bearish, no upper wick, price below 50-EMA"
2026-09-02,11:29:00,BANKNIFTY_ORB_BEARISH_5M_ITM,SIGNAL,PE BANKNIFTY57200PE @ 483.60 -- 5m BANKNIFTY ORB breakdown below morning low 56993.6
2026-09-02,11:29:00,BANKNIFTY_DUAL_SUPERTREND_BB_PE,SIGNAL(skipped-already-open),PE BANKNIFTY57200PE @ 483.60 -- BANKNIFTY Dual Supertrend + BB trend lock DOWN
2026-09-02,11:30:00,BANKNIFTY_HEIKIN_ASHI_BEARISH_1M_ATM,SIGNAL(skipped-already-open),"PE BANKNIFTY57000PE @ 385.99 -- Heikin Ashi bearish, no upper wick, price below 50-EMA"
2026-09-02,11:30:00,BANKNIFTY_HEIKIN_ASHI_BEARISH_5M_ITM,SIGNAL(skipped-already-open),PE BANKNIFTY57200PE @ 490.89 -- 5m BANKNIFTY Heikin-Ashi bearish continuation below 1H 50-EMA
2026-09-02,11:31:00,BANKNIFTY_HEIKIN_ASHI_BEARISH_1M_ATM,SIGNAL(skipped-already-open),"PE BANKNIFTY57000PE @ 389.16 -- Heikin Ashi bearish, no upper wick, price below 50-EMA"
2026-09-02,11:32:00,BANKNIFTY_HEIKIN_ASHI_BEARISH_1M_ATM,SIGNAL(skipped-already-open),"PE BANKNIFTY57000PE @ 388.05 -- Heikin Ashi bearish, no upper wick, price below 50-EMA"
2026-09-02,11:33:00,BANKNIFTY_HEIKIN_ASHI_BEARISH_1M_ATM,SIGNAL(skipped-already-open),"PE BANKNIFTY57000PE @ 393.00 -- Heikin Ashi bearish, no upper wick, price below 50-EMA"
2026-09-02,11:34:00,BANKNIFTY_HEIKIN_ASHI_BEARISH_1M_ATM,SIGNAL(skipped-already-open),"PE BANKNIFTY57000PE @ 391.09 -- Heikin Ashi bearish, no upper wick, price below 50-EMA"
2026-09-02,11:35:00,BANKNIFTY_HEIKIN_ASHI_BEARISH_1M_ATM,SIGNAL(skipped-already-open),"PE BANKNIFTY57000PE @ 391.70 -- Heikin Ashi bearish, no upper wick, price below 50-EMA"
2026-09-02,11:36:00,BANKNIFTY_HEIKIN_ASHI_BEARISH_1M_ATM,SIGNAL(skipped-already-open),"PE BANKNIFTY57000PE @ 395.75 -- Heikin Ashi bearish, no upper wick, price below 50-EMA"
2026-09-02,11:37:00,BANKNIFTY_HEIKIN_ASHI_BEARISH_1M_ATM,SIGNAL(skipped-already-open),"PE BANKNIFTY57000PE @ 393.37 -- Heikin Ashi bearish, no upper wick, price below 50-EMA"
2026-09-02,11:38:00,BANKNIFTY_HEIKIN_ASHI_BEARISH_1M_ATM,SIGNAL(skipped-already-open),"PE BANKNIFTY57000PE @ 392.66 -- Heikin Ashi bearish, no upper wick, price below 50-EMA"
2026-09-02,11:39:00,BANKNIFTY_HEIKIN_ASHI_BEARISH_1M_ATM,SIGNAL(skipped-already-open),"PE BANKNIFTY57000PE @ 386.35 -- Heikin Ashi bearish, no upper wick, price below 50-EMA"
2026-09-02,11:40:00,BANKNIFTY_HEIKIN_ASHI_BEARISH_1M_ATM,SIGNAL(skipped-already-open),"PE BANKNIFTY57000PE @ 390.15 -- Heikin Ashi bearish, no upper wick, price below 50-EMA"
2026-09-02,11:41:00,BANKNIFTY_HEIKIN_ASHI_BEARISH_1M_ATM,SIGNAL(skipped-already-open),"PE BANKNIFTY57000PE @ 396.04 -- Heikin Ashi bearish, no upper wick, price below 50-EMA"
2026-09-02,11:42:00,BANKNIFTY_HEIKIN_ASHI_BEARISH_1M_ATM,SIGNAL(skipped-already-open),"PE BANKNIFTY57000PE @ 397.99 -- Heikin Ashi bearish, no upper wick, price below 50-EMA"
2026-09-02,11:43:00,BANKNIFTY_HEIKIN_ASHI_BEARISH_1M_ATM,SIGNAL(skipped-already-open),"PE BANKNIFTY57000PE @ 392.03 -- Heikin Ashi bearish, no upper wick, price below 50-EMA"
2026-09-02,11:44:00,BANKNIFTY_HEIKIN_ASHI_BEARISH_1M_ATM,SIGNAL(skipped-already-open),"PE BANKNIFTY57000PE @ 390.66 -- Heikin Ashi bearish, no upper wick, price below 50-EMA"
2026-09-02,11:44:00,BANKNIFTY_DUAL_SUPERTREND_BB_PE,SIGNAL(skipped-already-open),PE BANKNIFTY57200PE @ 496.31 -- BANKNIFTY Dual Supertrend + BB trend lock DOWN
2026-09-02,11:45:00,BANKNIFTY_HEIKIN_ASHI_BEARISH_1M_ATM,SIGNAL,"PE BANKNIFTY57000PE @ 392.71 -- Heikin Ashi bearish, no upper wick, price below 50-EMA"
2026-09-02,11:46:00,BANKNIFTY_HEIKIN_ASHI_BEARISH_1M_ATM,SIGNAL(skipped-already-open),"PE BANKNIFTY57000PE @ 391.53 -- Heikin Ashi bearish, no upper wick, price below 50-EMA"
2026-09-02,11:47:00,BANKNIFTY_HEIKIN_ASHI_BEARISH_1M_ATM,SIGNAL(skipped-already-open),"PE BANKNIFTY57000PE @ 398.16 -- Heikin Ashi bearish, no upper wick, price below 50-EMA"
2026-09-02,11:48:00,BANKNIFTY_HEIKIN_ASHI_BEARISH_1M_ATM,SIGNAL(skipped-already-open),"PE BANKNIFTY57000PE @ 397.80 -- Heikin Ashi bearish, no upper wick, price below 50-EMA"
2026-09-02,11:49:00,BANKNIFTY_HEIKIN_ASHI_BEARISH_1M_ATM,SIGNAL(skipped-already-open),"PE BANKNIFTY56900PE @ 356.24 -- Heikin Ashi bearish, no upper wick, price below 50-EMA"
2026-09-02,11:50:00,BANKNIFTY_HEIKIN_ASHI_BEARISH_1M_ATM,SIGNAL(skipped-already-open),"PE BANKNIFTY56900PE @ 355.11 -- Heikin Ashi bearish, no upper wick, price below 50-EMA"
2026-09-02,11:50:00,BANKNIFTY_HEIKIN_ASHI_BEARISH_5M_ITM,SIGNAL(skipped-already-open),PE BANKNIFTY57200PE @ 510.73 -- 5m BANKNIFTY Heikin-Ashi bearish continuation below 1H 50-EMA
2026-09-02,11:51:00,BANKNIFTY_HEIKIN_ASHI_BEARISH_1M_ATM,SIGNAL(skipped-already-open),"PE BANKNIFTY57000PE @ 397.97 -- Heikin Ashi bearish, no upper wick, price below 50-EMA"
2026-09-02,11:52:00,BANKNIFTY_HEIKIN_ASHI_BEARISH_1M_ATM,SIGNAL(skipped-already-open),"PE BANKNIFTY57000PE @ 381.79 -- Heikin Ashi bearish, no upper wick, price below 50-EMA"
2026-09-02,11:53:00,BANKNIFTY_HEIKIN_ASHI_BEARISH_1M_ATM,SIGNAL(skipped-already-open),"PE BANKNIFTY57000PE @ 367.53 -- Heikin Ashi bearish, no upper wick, price below 50-EMA"
2026-09-02,11:54:00,BANKNIFTY_HEIKIN_ASHI_BEARISH_1M_ATM,SIGNAL(skipped-already-open),"PE BANKNIFTY57000PE @ 366.31 -- Heikin Ashi bearish, no upper wick, price below 50-EMA"
2026-09-02,11:55:00,BANKNIFTY_HEIKIN_ASHI_BEARISH_1M_ATM,SIGNAL(skipped-already-open),"PE BANKNIFTY57000PE @ 364.80 -- Heikin Ashi bearish, no upper wick, price below 50-EMA"
2026-09-02,11:56:00,BANKNIFTY_HEIKIN_ASHI_BEARISH_1M_ATM,SIGNAL(skipped-already-open),"PE BANKNIFTY57000PE @ 368.39 -- Heikin Ashi bearish, no upper wick, price below 50-EMA"
2026-09-02,11:56:00,BANKNIFTY_RESISTANCE_REJECTION_5M_ITM,SIGNAL(skipped-already-open),PE BANKNIFTY57300PE @ 527.19 -- 5m BANKNIFTY resistance rejection off 20-EMA (57044.1) in 1H downtrend
2026-09-02,11:56:00,BANKNIFTY_GAMMA_WALL_BREAKOUT_PE,SIGNAL(skipped-already-open),PE BANKNIFTY57300PE @ 527.19 -- BANKNIFTY Gamma Wall / Put Support Breakdown
2026-09-02,11:57:00,BANKNIFTY_HEIKIN_ASHI_BEARISH_1M_ATM,SIGNAL(skipped-already-open),"PE BANKNIFTY57000PE @ 371.58 -- Heikin Ashi bearish, no upper wick, price below 50-EMA"
2026-09-02,11:58:00,BANKNIFTY_HEIKIN_ASHI_BEARISH_1M_ATM,SIGNAL(skipped-already-open),"PE BANKNIFTY57000PE @ 375.80 -- Heikin Ashi bearish, no upper wick, price below 50-EMA"
2026-09-02,11:59:00,BANKNIFTY_HEIKIN_ASHI_BEARISH_1M_ATM,SIGNAL(skipped-already-open),"PE BANKNIFTY57000PE @ 370.98 -- Heikin Ashi bearish, no upper wick, price below 50-EMA"
2026-09-02,11:59:00,BANKNIFTY_DUAL_SUPERTREND_BB_PE,SIGNAL(skipped-already-open),PE BANKNIFTY57200PE @ 473.41 -- BANKNIFTY Dual Supertrend + BB trend lock DOWN
2026-09-02,12:03:00,BANKNIFTY_ORB_BEARISH_5M_ITM,SIGNAL,PE BANKNIFTY57200PE @ 490.72 -- 5m BANKNIFTY ORB breakdown below morning low 56993.6
2026-09-02,12:11:00,BANKNIFTY_VWAP_BB_LIQUIDITY_REBOUND_CE,SIGNAL,CE BANKNIFTY56900CE @ 516.69 -- BANKNIFTY BB liquidity sweep bounce above VWAP/EMA
2026-09-02,12:20:00,BANKNIFTY_RESISTANCE_REJECTION_5M_ITM,SIGNAL(skipped-already-open),PE BANKNIFTY57200PE @ 471.89 -- 5m BANKNIFTY resistance rejection off 20-EMA (57035.8) in 1H downtrend
2026-09-02,12:20:00,BANKNIFTY_DUAL_SUPERTREND_BB_PE,SIGNAL,PE BANKNIFTY57200PE @ 471.89 -- BANKNIFTY Dual Supertrend + BB trend lock DOWN
2026-09-02,12:20:00,BANKNIFTY_GAMMA_WALL_BREAKOUT_PE,SIGNAL(skipped-already-open),PE BANKNIFTY57200PE @ 471.89 -- BANKNIFTY Gamma Wall / Put Support Breakdown
2026-09-02,12:29:00,BANKNIFTY_VWAP_BB_LIQUIDITY_REBOUND_CE,SIGNAL,CE BANKNIFTY56900CE @ 514.83 -- BANKNIFTY BB liquidity sweep bounce above VWAP/EMA
2026-09-02,13:09:00,BANKNIFTY_RESISTANCE_REJECTION_5M_ITM,SIGNAL,PE BANKNIFTY57300PE @ 502.04 -- 5m BANKNIFTY resistance rejection off 20-EMA (57067.3) in 1H downtrend
2026-09-02,13:09:00,BANKNIFTY_DUAL_SUPERTREND_BB_PE,SIGNAL(skipped-already-open),PE BANKNIFTY57300PE @ 502.04 -- BANKNIFTY Dual Supertrend + BB trend lock DOWN
2026-09-02,13:09:00,BANKNIFTY_GAMMA_WALL_BREAKOUT_PE,SIGNAL,PE BANKNIFTY57300PE @ 502.04 -- BANKNIFTY Gamma Wall / Put Support Breakdown
2026-09-02,13:10:00,BANKNIFTY_VWAP_BB_LIQUIDITY_REBOUND_CE,SIGNAL,CE BANKNIFTY57000CE @ 479.34 -- BANKNIFTY BB liquidity sweep bounce above VWAP/EMA
2026-09-02,13:25:00,BANKNIFTY_HEIKIN_ASHI_BEARISH_5M_ITM,SIGNAL,PE BANKNIFTY57300PE @ 495.41 -- 5m BANKNIFTY Heikin-Ashi bearish continuation below 1H 50-EMA
2026-09-02,13:25:00,BANKNIFTY_VWAP_BB_LIQUIDITY_REBOUND_CE,SIGNAL(skipped-already-open),CE BANKNIFTY57000CE @ 480.65 -- BANKNIFTY BB liquidity sweep bounce above VWAP/EMA
2026-09-02,13:28:00,BANKNIFTY_RESISTANCE_REJECTION_5M_ITM,SIGNAL(skipped-already-open),PE BANKNIFTY57300PE @ 499.50 -- 5m BANKNIFTY resistance rejection off 20-EMA (57070.3) in 1H downtrend
2026-09-02,13:28:00,BANKNIFTY_DUAL_SUPERTREND_BB_PE,SIGNAL(skipped-already-open),PE BANKNIFTY57300PE @ 499.50 -- BANKNIFTY Dual Supertrend + BB trend lock DOWN
2026-09-02,13:28:00,BANKNIFTY_GAMMA_WALL_BREAKOUT_PE,SIGNAL(skipped-already-open),PE BANKNIFTY57300PE @ 499.50 -- BANKNIFTY Gamma Wall / Put Support Breakdown
2026-09-02,13:43:00,BANKNIFTY_DUAL_SUPERTREND_BB_PE,SIGNAL(skipped-already-open),PE BANKNIFTY57300PE @ 515.45 -- BANKNIFTY Dual Supertrend + BB trend lock DOWN
2026-09-02,13:45:00,BANKNIFTY_HEIKIN_ASHI_BEARISH_5M_ITM,SIGNAL(skipped-already-open),PE BANKNIFTY57300PE @ 508.86 -- 5m BANKNIFTY Heikin-Ashi bearish continuation below 1H 50-EMA
2026-09-02,13:47:00,BANKNIFTY_VWAP_BB_LIQUIDITY_REBOUND_CE,SIGNAL(skipped-already-open),CE BANKNIFTY57000CE @ 477.48 -- BANKNIFTY BB liquidity sweep bounce above VWAP/EMA
2026-09-02,13:48:00,BANKNIFTY_GAMMA_WALL_BREAKOUT_PE,SIGNAL,PE BANKNIFTY57300PE @ 502.09 -- BANKNIFTY Gamma Wall / Put Support Breakdown
2026-09-02,13:49:00,BANKNIFTY_RESISTANCE_REJECTION_5M_ITM,SIGNAL,PE BANKNIFTY57300PE @ 511.68 -- 5m BANKNIFTY resistance rejection off 20-EMA (57062.8) in 1H downtrend
2026-09-02,14:24:00,BANKNIFTY_RESISTANCE_REJECTION_5M_ITM,SIGNAL(skipped-already-open),PE BANKNIFTY57300PE @ 494.94 -- 5m BANKNIFTY resistance rejection off 20-EMA (57081.9) in 1H downtrend
2026-09-02,14:24:00,BANKNIFTY_DUAL_SUPERTREND_BB_PE,SIGNAL,PE BANKNIFTY57300PE @ 494.94 -- BANKNIFTY Dual Supertrend + BB trend lock DOWN
2026-09-02,14:24:00,BANKNIFTY_GAMMA_WALL_BREAKOUT_PE,SIGNAL(skipped-already-open),PE BANKNIFTY57300PE @ 494.94 -- BANKNIFTY Gamma Wall / Put Support Breakdown
2026-09-02,14:29:00,BANKNIFTY_VWAP_BB_LIQUIDITY_REBOUND_CE,SIGNAL,CE BANKNIFTY57000CE @ 491.75 -- BANKNIFTY BB liquidity sweep bounce above VWAP/EMA
2026-09-02,14:30:00,BANKNIFTY_HEIKIN_ASHI_BEARISH_5M_ITM,SIGNAL,PE BANKNIFTY57300PE @ 475.86 -- 5m BANKNIFTY Heikin-Ashi bearish continuation below 1H 50-EMA
2026-09-02,14:44:00,BANKNIFTY_DUAL_SUPERTREND_BB_PE,SIGNAL(skipped-already-open),PE BANKNIFTY57300PE @ 487.26 -- BANKNIFTY Dual Supertrend + BB trend lock DOWN
2026-09-02,14:44:00,BANKNIFTY_GAMMA_WALL_BREAKOUT_PE,SIGNAL(skipped-already-open),PE BANKNIFTY57300PE @ 487.26 -- BANKNIFTY Gamma Wall / Put Support Breakdown
2026-09-02,14:45:00,BANKNIFTY_VWAP_BB_LIQUIDITY_REBOUND_CE,SIGNAL,CE BANKNIFTY57000CE @ 493.67 -- BANKNIFTY BB liquidity sweep bounce above VWAP/EMA
